"Tabela 6588 - Série histórica da estimativa anual da área plantada, área colhida, produção e rendimento médio dos produtos das lavouras"
"Variável - Produção"
"Brasil e Unidade da Federação";"Mês x Produto das lavouras"
"Brasil e Unidade da Federação";"janeiro 2023";;;;;;;;;;;;;;;;;;;;;;;;"fevereiro 2023";;;;;;;;;;;;;;;;;;;;;;;;"março 2023";;;;;;;;;;;;;;;;;;;;;;;;"abril 2023";;;;;;;;;;;;;;;;;;;;;;;;"maio 2023";;;;;;;;;;;;;;;;;;;;;;;;"junho 2023";;;;;;;;;;;;;;;;;;;;;;;;"julho 2023";;;;;;;;;;;;;;;;;;;;;;;;"agosto 2023";;;;;;;;;;;;;;;;;;;;;;;;"setembro 2023";;;;;;;;;;;;;;;;;;;;;;;;"outubro 2023";;;;;;;;;;;;;;;;;;;;;;;;"novembro 2023";;;;;;;;;;;;;;;;;;;;;;;;"dezembro 2023"
"Brasil e Unidade da Federação";"1 Cereais, leguminosas e oleaginosas";;"1.1 Algodão herbáceo";;"1.4 Arroz";;"1.13 Milho (1ª Safra)";;"1.14 Milho (2ª Safra)";;"1.15 Soja";;"1.17 Trigo";;"4 Banana";;"9 Café arábica";;"11 Cana-de-açúcar";;"18 Laranja";;"21 Mandioca";;"1 Cereais, leguminosas e oleaginosas";;"1.1 Algodão herbáceo";;"1.4 Arroz";;"1.13 Milho (1ª Safra)";;"1.14 Milho (2ª Safra)";;"1.15 Soja";;"1.17 Trigo";;"4 Banana";;"9 Café arábica";;"11 Cana-de-açúcar";;"18 Laranja";;"21 Mandioca";;"1 Cereais, leguminosas e oleaginosas";;"1.1 Algodão herbáceo";;"1.4 Arroz";;"1.13 Milho (1ª Safra)";;"1.14 Milho (2ª Safra)";;"1.15 Soja";;"1.17 Trigo";;"4 Banana";;"9 Café arábica";;"11 Cana-de-açúcar";;"18 Laranja";;"21 Mandioca";;"1 Cereais, leguminosas e oleaginosas";;"1.1 Algodão herbáceo";;"1.4 Arroz";;"1.13 Milho (1ª Safra)";;"1.14 Milho (2ª Safra)";;"1.15 Soja";;"1.17 Trigo";;"4 Banana";;"9 Café arábica";;"11 Cana-de-açúcar";;"18 Laranja";;"21 Mandioca";;"1 Cereais, leguminosas e oleaginosas";;"1.1 Algodão herbáceo";;"1.4 Arroz";;"1.13 Milho (1ª Safra)";;"1.14 Milho (2ª Safra)";;"1.15 Soja";;"1.17 Trigo";;"4 Banana";;"9 Café arábica";;"11 Cana-de-açúcar";;"18 Laranja";;"21 Mandioca";;"1 Cereais, leguminosas e oleaginosas";;"1.1 Algodão herbáceo";;"1.4 Arroz";;"1.13 Milho (1ª Safra)";;"1.14 Milho (2ª Safra)";;"1.15 Soja";;"1.17 Trigo";;"4 Banana";;"9 Café arábica";;"11 Cana-de-açúcar";;"18 Laranja";;"21 Mandioca";;"1 Cereais, leguminosas e oleaginosas";;"1.1 Algodão herbáceo";;"1.4 Arroz";;"1.13 Milho (1ª Safra)";;"1.14 Milho (2ª Safra)";;"1.15 Soja";;"1.17 Trigo";;"4 Banana";;"9 Café arábica";;"11 Cana-de-açúcar";;"18 Laranja";;"21 Mandioca";;"1 Cereais, leguminosas e oleaginosas";;"1.1 Algodão herbáceo";;"1.4 Arroz";;"1.13 Milho (1ª Safra)";;"1.14 Milho (2ª Safra)";;"1.15 Soja";;"1.17 Trigo";;"4 Banana";;"9 Café arábica";;"11 Cana-de-açúcar";;"18 Laranja";;"21 Mandioca";;"1 Cereais, leguminosas e oleaginosas";;"1.1 Algodão herbáceo";;"1.4 Arroz";;"1.13 Milho (1ª Safra)";;"1.14 Milho (2ª Safra)";;"1.15 Soja";;"1.17 Trigo";;"4 Banana";;"9 Café arábica";;"11 Cana-de-açúcar";;"18 Laranja";;"21 Mandioca";;"1 Cereais, leguminosas e oleaginosas";;"1.1 Algodão herbáceo";;"1.4 Arroz";;"1.13 Milho (1ª Safra)";;"1.14 Milho (2ª Safra)";;"1.15 Soja";;"1.17 Trigo";;"4 Banana";;"9 Café arábica";;"11 Cana-de-açúcar";;"18 Laranja";;"21 Mandioca";;"1 Cereais, leguminosas e oleaginosas";;"1.1 Algodão herbáceo";;"1.4 Arroz";;"1.13 Milho (1ª Safra)";;"1.14 Milho (2ª Safra)";;"1.15 Soja";;"1.17 Trigo";;"4 Banana";;"9 Café arábica";;"11 Cana-de-açúcar";;"18 Laranja";;"21 Mandioca";;"1 Cereais, leguminosas e oleaginosas";;"1.1 Algodão herbáceo";;"1.4 Arroz";;"1.13 Milho (1ª Safra)";;"1.14 Milho (2ª Safra)";;"1.15 Soja";;"1.17 Trigo";;"4 Banana";;"9 Café arábica";;"11 Cana-de-açúcar";;"18 Laranja";;"21 Mandioca"
"Brasil";"301953765";"Toneladas";"6830977";"Toneladas";"10276502";"Toneladas";"29447903";"Toneladas";"93097660";"Toneladas";"147545847";"Toneladas";"8678163";"Toneladas";"7070114";"Toneladas";"2314467";"Toneladas";"636003952";"Toneladas";"16939382";"Toneladas";"18476198";"Toneladas";"298029264";"Toneladas";"6831981";"Toneladas";"10023758";"Toneladas";"28714561";"Toneladas";"92724073";"Toneladas";"145021020";"Toneladas";"8657201";"Toneladas";"7072280";"Toneladas";"2314439";"Toneladas";"634041314";"Toneladas";"16953108";"Toneladas";"18546431";"Toneladas";"299651793";"Toneladas";"6928970";"Toneladas";"9846309";"Toneladas";"27896668";"Toneladas";"91895431";"Toneladas";"147240376";"Toneladas";"9778501";"Toneladas";"7071234";"Toneladas";"2308524";"Toneladas";"632398881";"Toneladas";"16936074";"Toneladas";"18556779";"Toneladas";"302122007";"Toneladas";"6928138";"Toneladas";"9859603";"Toneladas";"27921650";"Toneladas";"91936309";"Toneladas";"149063781";"Toneladas";"9867138";"Toneladas";"7083614";"Toneladas";"2299619";"Toneladas";"666504127";"Toneladas";"16808446";"Toneladas";"18586010";"Toneladas";"305392064";"Toneladas";"6937536";"Toneladas";"10065640";"Toneladas";"27899837";"Toneladas";"94904709";"Toneladas";"148195791";"Toneladas";"10590852";"Toneladas";"7024280";"Toneladas";"2308439";"Toneladas";"666706169";"Toneladas";"16753884";"Toneladas";"18403101";"Toneladas";"307305876";"Toneladas";"6930751";"Toneladas";"10020843";"Toneladas";"28117912";"Toneladas";"96336896";"Toneladas";"148376257";"Toneladas";"10624720";"Toneladas";"7033297";"Toneladas";"2306441";"Toneladas";"666166727";"Toneladas";"16761356";"Toneladas";"18452547";"Toneladas";"308872805";"Toneladas";"7427984";"Toneladas";"10040425";"Toneladas";"28103663";"Toneladas";"97104438";"Toneladas";"148764490";"Toneladas";"10750952";"Toneladas";"7115545";"Toneladas";"2306141";"Toneladas";"668497864";"Toneladas";"16806154";"Toneladas";"18589406";"Toneladas";"313266848";"Toneladas";"7413637";"Toneladas";"10070835";"Toneladas";"28196512";"Toneladas";"99572340";"Toneladas";"150328350";"Toneladas";"10868919";"Toneladas";"7067815";"Toneladas";"2300063";"Toneladas";"679548145";"Toneladas";"16841370";"Toneladas";"18437120";"Toneladas";"318097619";"Toneladas";"7569546";"Toneladas";"10111086";"Toneladas";"27996535";"Toneladas";"103751870";"Toneladas";"151216632";"Toneladas";"10521792";"Toneladas";"7067260";"Toneladas";"2332739";"Toneladas";"700425597";"Toneladas";"15516754";"Toneladas";"18670040";"Toneladas";"317294390";"Toneladas";"7583117";"Toneladas";"10235589";"Toneladas";"27984185";"Toneladas";"103692638";"Toneladas";"151818091";"Toneladas";"9167698";"Toneladas";"7015532";"Toneladas";"2333359";"Toneladas";"707722827";"Toneladas";"15496075";"Toneladas";"18961879";"Toneladas";"316299086";"Toneladas";"7711008";"Toneladas";"10239181";"Toneladas";"27756888";"Toneladas";"103276918";"Toneladas";"151669302";"Toneladas";"8906511";"Toneladas";"6950116";"Toneladas";"2334436";"Toneladas";"710131586";"Toneladas";"15479235";"Toneladas";"19118996";"Toneladas";"315386300";"Toneladas";"7733764";"Toneladas";"10282517";"Toneladas";"27738515";"Toneladas";"103346496";"Toneladas";"151963045";"Toneladas";"7753911";"Toneladas";"6862774";"Toneladas";"2367777";"Toneladas";"713293700";"Toneladas";"15482662";"Toneladas";"19133751";"Toneladas"
"Rondônia";"3639782";"Toneladas";"-";"Toneladas";"105561";"Toneladas";"89968";"Toneladas";"1561471";"Toneladas";"1880250";"Toneladas";"-";"Toneladas";"82177";"Toneladas";"-";"Toneladas";"19179";"Toneladas";"5674";"Toneladas";"411499";"Toneladas";"3639782";"Toneladas";"-";"Toneladas";"105561";"Toneladas";"89968";"Toneladas";"1561471";"Toneladas";"1880250";"Toneladas";"-";"Toneladas";"82177";"Toneladas";"-";"Toneladas";"19179";"Toneladas";"5674";"Toneladas";"411499";"Toneladas";"3877292";"Toneladas";"-";"Toneladas";"105561";"Toneladas";"83798";"Toneladas";"1616641";"Toneladas";"2068596";"Toneladas";"-";"Toneladas";"82531";"Toneladas";"-";"Toneladas";"18923";"Toneladas";"4953";"Toneladas";"409930";"Toneladas";"3735366";"Toneladas";"-";"Toneladas";"109548";"Toneladas";"51078";"Toneladas";"1456667";"Toneladas";"2115546";"Toneladas";"-";"Toneladas";"82168";"Toneladas";"-";"Toneladas";"18833";"Toneladas";"4907";"Toneladas";"412282";"Toneladas";"3974088";"Toneladas";"-";"Toneladas";"110503";"Toneladas";"75282";"Toneladas";"1646457";"Toneladas";"2139234";"Toneladas";"-";"Toneladas";"84449";"Toneladas";"-";"Toneladas";"22500";"Toneladas";"4907";"Toneladas";"412282";"Toneladas";"4001108";"Toneladas";"-";"Toneladas";"109687";"Toneladas";"74318";"Toneladas";"1646457";"Toneladas";"2168004";"Toneladas";"-";"Toneladas";"84203";"Toneladas";"-";"Toneladas";"19139";"Toneladas";"4860";"Toneladas";"406953";"Toneladas";"3965916";"Toneladas";"-";"Toneladas";"109687";"Toneladas";"74318";"Toneladas";"1646457";"Toneladas";"2132815";"Toneladas";"-";"Toneladas";"84203";"Toneladas";"-";"Toneladas";"19139";"Toneladas";"4860";"Toneladas";"405629";"Toneladas";"3963075";"Toneladas";"-";"Toneladas";"109549";"Toneladas";"76507";"Toneladas";"1639835";"Toneladas";"2134543";"Toneladas";"-";"Toneladas";"78980";"Toneladas";"-";"Toneladas";"19139";"Toneladas";"4739";"Toneladas";"406419";"Toneladas";"3946989";"Toneladas";"-";"Toneladas";"108901";"Toneladas";"82927";"Toneladas";"1622259";"Toneladas";"2130167";"Toneladas";"-";"Toneladas";"82970";"Toneladas";"-";"Toneladas";"18712";"Toneladas";"2660";"Toneladas";"379800";"Toneladas";"3947709";"Toneladas";"-";"Toneladas";"108901";"Toneladas";"82927";"Toneladas";"1622259";"Toneladas";"2130887";"Toneladas";"-";"Toneladas";"82970";"Toneladas";"-";"Toneladas";"18712";"Toneladas";"1348";"Toneladas";"379800";"Toneladas";"3938646";"Toneladas";"-";"Toneladas";"113204";"Toneladas";"82543";"Toneladas";"1616561";"Toneladas";"2123609";"Toneladas";"-";"Toneladas";"82970";"Toneladas";"-";"Toneladas";"18712";"Toneladas";"1160";"Toneladas";"375533";"Toneladas";"3951575";"Toneladas";"-";"Toneladas";"113220";"Toneladas";"82543";"Toneladas";"1621702";"Toneladas";"2131535";"Toneladas";"-";"Toneladas";"82970";"Toneladas";"-";"Toneladas";"18080";"Toneladas";"1160";"Toneladas";"375533";"Toneladas"
"Acre";"186191";"Toneladas";"-";"Toneladas";"4649";"Toneladas";"90841";"Toneladas";"49002";"Toneladas";"38700";"Toneladas";"-";"Toneladas";"91587";"Toneladas";"-";"Toneladas";"12287";"Toneladas";"7067";"Toneladas";"509350";"Toneladas";"186191";"Toneladas";"-";"Toneladas";"4649";"Toneladas";"90841";"Toneladas";"49002";"Toneladas";"38700";"Toneladas";"-";"Toneladas";"91587";"Toneladas";"-";"Toneladas";"12287";"Toneladas";"7067";"Toneladas";"509350";"Toneladas";"186191";"Toneladas";"-";"Toneladas";"4649";"Toneladas";"90841";"Toneladas";"49002";"Toneladas";"38700";"Toneladas";"-";"Toneladas";"91587";"Toneladas";"-";"Toneladas";"12287";"Toneladas";"7067";"Toneladas";"509350";"Toneladas";"186191";"Toneladas";"-";"Toneladas";"4649";"Toneladas";"90841";"Toneladas";"49002";"Toneladas";"38700";"Toneladas";"-";"Toneladas";"91587";"Toneladas";"-";"Toneladas";"12287";"Toneladas";"7067";"Toneladas";"509350";"Toneladas";"189934";"Toneladas";"-";"Toneladas";"4318";"Toneladas";"89756";"Toneladas";"49002";"Toneladas";"43843";"Toneladas";"-";"Toneladas";"91619";"Toneladas";"-";"Toneladas";"12287";"Toneladas";"7067";"Toneladas";"500785";"Toneladas";"189934";"Toneladas";"-";"Toneladas";"4318";"Toneladas";"89756";"Toneladas";"49002";"Toneladas";"43843";"Toneladas";"-";"Toneladas";"91619";"Toneladas";"-";"Toneladas";"12287";"Toneladas";"7067";"Toneladas";"500785";"Toneladas";"192535";"Toneladas";"-";"Toneladas";"4380";"Toneladas";"90035";"Toneladas";"49373";"Toneladas";"45732";"Toneladas";"-";"Toneladas";"91619";"Toneladas";"-";"Toneladas";"12287";"Toneladas";"7067";"Toneladas";"500785";"Toneladas";"191974";"Toneladas";"-";"Toneladas";"4380";"Toneladas";"90035";"Toneladas";"48937";"Toneladas";"45732";"Toneladas";"-";"Toneladas";"91821";"Toneladas";"-";"Toneladas";"12087";"Toneladas";"6008";"Toneladas";"500785";"Toneladas";"191974";"Toneladas";"-";"Toneladas";"4380";"Toneladas";"90035";"Toneladas";"48937";"Toneladas";"45732";"Toneladas";"-";"Toneladas";"91821";"Toneladas";"-";"Toneladas";"12087";"Toneladas";"6008";"Toneladas";"500785";"Toneladas";"191974";"Toneladas";"-";"Toneladas";"4380";"Toneladas";"90035";"Toneladas";"48937";"Toneladas";"45732";"Toneladas";"-";"Toneladas";"91821";"Toneladas";"-";"Toneladas";"12087";"Toneladas";"6008";"Toneladas";"500785";"Toneladas";"191974";"Toneladas";"-";"Toneladas";"4380";"Toneladas";"90035";"Toneladas";"48937";"Toneladas";"45732";"Toneladas";"-";"Toneladas";"91821";"Toneladas";"-";"Toneladas";"12087";"Toneladas";"6008";"Toneladas";"500785";"Toneladas";"192426";"Toneladas";"-";"Toneladas";"4380";"Toneladas";"90371";"Toneladas";"48937";"Toneladas";"45732";"Toneladas";"-";"Toneladas";"90696";"Toneladas";"-";"Toneladas";"11919";"Toneladas";"5337";"Toneladas";"497670";"Toneladas"
"Amazonas";"31153";"Toneladas";"-";"Toneladas";"2809";"Toneladas";"21681";"Toneladas";"-";"Toneladas";"-";"Toneladas";"-";"Toneladas";"145929";"Toneladas";"1836";"Toneladas";"272043";"Toneladas";"77727";"Toneladas";"856922";"Toneladas";"31153";"Toneladas";"-";"Toneladas";"2809";"Toneladas";"21681";"Toneladas";"-";"Toneladas";"-";"Toneladas";"-";"Toneladas";"145929";"Toneladas";"1836";"Toneladas";"272043";"Toneladas";"77727";"Toneladas";"856922";"Toneladas";"31153";"Toneladas";"-";"Toneladas";"2809";"Toneladas";"21681";"Toneladas";"-";"Toneladas";"-";"Toneladas";"-";"Toneladas";"145929";"Toneladas";"1836";"Toneladas";"272043";"Toneladas";"77727";"Toneladas";"856922";"Toneladas";"31153";"Toneladas";"-";"Toneladas";"2809";"Toneladas";"21681";"Toneladas";"-";"Toneladas";"-";"Toneladas";"-";"Toneladas";"145929";"Toneladas";"1836";"Toneladas";"272043";"Toneladas";"77727";"Toneladas";"856922";"Toneladas";"31153";"Toneladas";"-";"Toneladas";"2809";"Toneladas";"21681";"Toneladas";"-";"Toneladas";"-";"Toneladas";"-";"Toneladas";"145929";"Toneladas";"1836";"Toneladas";"272043";"Toneladas";"77727";"Toneladas";"856922";"Toneladas";"31153";"Toneladas";"-";"Toneladas";"2809";"Toneladas";"21681";"Toneladas";"-";"Toneladas";"-";"Toneladas";"-";"Toneladas";"145929";"Toneladas";"1836";"Toneladas";"272043";"Toneladas";"77727";"Toneladas";"856922";"Toneladas";"31153";"Toneladas";"-";"Toneladas";"2809";"Toneladas";"21681";"Toneladas";"-";"Toneladas";"-";"Toneladas";"-";"Toneladas";"145929";"Toneladas";"1836";"Toneladas";"272043";"Toneladas";"77727";"Toneladas";"856922";"Toneladas";"30138";"Toneladas";"-";"Toneladas";"1641";"Toneladas";"21681";"Toneladas";"-";"Toneladas";"-";"Toneladas";"-";"Toneladas";"145929";"Toneladas";"-";"Toneladas";"272043";"Toneladas";"77727";"Toneladas";"856922";"Toneladas";"31306";"Toneladas";"-";"Toneladas";"2809";"Toneladas";"21681";"Toneladas";"-";"Toneladas";"-";"Toneladas";"-";"Toneladas";"145929";"Toneladas";"-";"Toneladas";"272043";"Toneladas";"77727";"Toneladas";"856922";"Toneladas";"11668";"Toneladas";"-";"Toneladas";"1783";"Toneladas";"8280";"Toneladas";"-";"Toneladas";"-";"Toneladas";"-";"Toneladas";"106000";"Toneladas";"-";"Toneladas";"65932";"Toneladas";"50400";"Toneladas";"974000";"Toneladas";"11668";"Toneladas";"-";"Toneladas";"1783";"Toneladas";"8280";"Toneladas";"-";"Toneladas";"-";"Toneladas";"-";"Toneladas";"106000";"Toneladas";"-";"Toneladas";"65932";"Toneladas";"50400";"Toneladas";"974000";"Toneladas";"11668";"Toneladas";"-";"Toneladas";"1783";"Toneladas";"8280";"Toneladas";"-";"Toneladas";"-";"Toneladas";"-";"Toneladas";"106000";"Toneladas";"-";"Toneladas";"65932";"Toneladas";"50400";"Toneladas";"974000";"Toneladas"
"Roraima";"171972";"Toneladas";"8213";"Toneladas";"54713";"Toneladas";"14853";"Toneladas";"40424";"Toneladas";"53320";"Toneladas";"-";"Toneladas";"117512";"Toneladas";"-";"Toneladas";"3976";"Toneladas";"21901";"Toneladas";"178921";"Toneladas";"171972";"Toneladas";"8213";"Toneladas";"54713";"Toneladas";"14853";"Toneladas";"40424";"Toneladas";"53320";"Toneladas";"-";"Toneladas";"117512";"Toneladas";"-";"Toneladas";"3976";"Toneladas";"21901";"Toneladas";"178921";"Toneladas";"171972";"Toneladas";"8213";"Toneladas";"54713";"Toneladas";"14853";"Toneladas";"40424";"Toneladas";"53320";"Toneladas";"-";"Toneladas";"117512";"Toneladas";"-";"Toneladas";"3976";"Toneladas";"21901";"Toneladas";"178921";"Toneladas";"171972";"Toneladas";"8213";"Toneladas";"54713";"Toneladas";"14853";"Toneladas";"40424";"Toneladas";"53320";"Toneladas";"-";"Toneladas";"117512";"Toneladas";"-";"Toneladas";"3976";"Toneladas";"21901";"Toneladas";"178921";"Toneladas";"171972";"Toneladas";"8213";"Toneladas";"54713";"Toneladas";"14853";"Toneladas";"40424";"Toneladas";"53320";"Toneladas";"-";"Toneladas";"117512";"Toneladas";"-";"Toneladas";"3976";"Toneladas";"21901";"Toneladas";"178921";"Toneladas";"171972";"Toneladas";"8213";"Toneladas";"54713";"Toneladas";"14853";"Toneladas";"40424";"Toneladas";"53320";"Toneladas";"-";"Toneladas";"117512";"Toneladas";"-";"Toneladas";"3976";"Toneladas";"21901";"Toneladas";"178921";"Toneladas";"171972";"Toneladas";"8213";"Toneladas";"54713";"Toneladas";"14853";"Toneladas";"40424";"Toneladas";"53320";"Toneladas";"-";"Toneladas";"117512";"Toneladas";"-";"Toneladas";"3976";"Toneladas";"21901";"Toneladas";"178921";"Toneladas";"625890";"Toneladas";"-";"Toneladas";"73595";"Toneladas";"97390";"Toneladas";"-";"Toneladas";"453600";"Toneladas";"-";"Toneladas";"68690";"Toneladas";"-";"Toneladas";"3365";"Toneladas";"22331";"Toneladas";"74340";"Toneladas";"625890";"Toneladas";"-";"Toneladas";"73595";"Toneladas";"97390";"Toneladas";"-";"Toneladas";"453600";"Toneladas";"-";"Toneladas";"68690";"Toneladas";"-";"Toneladas";"3365";"Toneladas";"22331";"Toneladas";"74340";"Toneladas";"625890";"Toneladas";"-";"Toneladas";"73595";"Toneladas";"97390";"Toneladas";"-";"Toneladas";"453600";"Toneladas";"-";"Toneladas";"68690";"Toneladas";"-";"Toneladas";"3365";"Toneladas";"22331";"Toneladas";"74340";"Toneladas";"625890";"Toneladas";"-";"Toneladas";"73595";"Toneladas";"97390";"Toneladas";"-";"Toneladas";"453600";"Toneladas";"-";"Toneladas";"68690";"Toneladas";"-";"Toneladas";"3365";"Toneladas";"22331";"Toneladas";"74340";"Toneladas";"625890";"Toneladas";"-";"Toneladas";"73595";"Toneladas";"97390";"Toneladas";"-";"Toneladas";"453600";"Toneladas";"-";"Toneladas";"68690";"Toneladas";"-";"Toneladas";"3365";"Toneladas";"22331";"Toneladas";"74340";"Toneladas"
"Pará";"4153180";"Toneladas";"-";"Toneladas";"106023";"Toneladas";"547450";"Toneladas";"838835";"Toneladas";"2598235";"Toneladas";"-";"Toneladas";"466645";"Toneladas";"-";"Toneladas";"1240755";"Toneladas";"260601";"Toneladas";"4033691";"Toneladas";"4153180";"Toneladas";"-";"Toneladas";"106023";"Toneladas";"547450";"Toneladas";"838835";"Toneladas";"2598235";"Toneladas";"-";"Toneladas";"466645";"Toneladas";"-";"Toneladas";"1240755";"Toneladas";"260601";"Toneladas";"4033691";"Toneladas";"4153180";"Toneladas";"-";"Toneladas";"106023";"Toneladas";"547450";"Toneladas";"838835";"Toneladas";"2598235";"Toneladas";"-";"Toneladas";"466645";"Toneladas";"-";"Toneladas";"1240755";"Toneladas";"260601";"Toneladas";"4033691";"Toneladas";"4153180";"Toneladas";"-";"Toneladas";"106023";"Toneladas";"547450";"Toneladas";"838835";"Toneladas";"2598235";"Toneladas";"-";"Toneladas";"466645";"Toneladas";"-";"Toneladas";"1240755";"Toneladas";"260601";"Toneladas";"4033691";"Toneladas";"4153180";"Toneladas";"-";"Toneladas";"106023";"Toneladas";"547450";"Toneladas";"838835";"Toneladas";"2598235";"Toneladas";"-";"Toneladas";"466645";"Toneladas";"-";"Toneladas";"1240755";"Toneladas";"260601";"Toneladas";"4033691";"Toneladas";"4244372";"Toneladas";"-";"Toneladas";"104551";"Toneladas";"717054";"Toneladas";"838835";"Toneladas";"2497424";"Toneladas";"-";"Toneladas";"466266";"Toneladas";"-";"Toneladas";"1240561";"Toneladas";"258663";"Toneladas";"4075292";"Toneladas";"4244372";"Toneladas";"-";"Toneladas";"104551";"Toneladas";"717054";"Toneladas";"838835";"Toneladas";"2497424";"Toneladas";"-";"Toneladas";"466266";"Toneladas";"-";"Toneladas";"1240561";"Toneladas";"258663";"Toneladas";"4075292";"Toneladas";"4441308";"Toneladas";"-";"Toneladas";"94816";"Toneladas";"717597";"Toneladas";"936935";"Toneladas";"2605444";"Toneladas";"-";"Toneladas";"466054";"Toneladas";"-";"Toneladas";"1240561";"Toneladas";"258483";"Toneladas";"4058418";"Toneladas";"4441189";"Toneladas";"-";"Toneladas";"94807";"Toneladas";"717567";"Toneladas";"936935";"Toneladas";"2605444";"Toneladas";"-";"Toneladas";"466194";"Toneladas";"-";"Toneladas";"1240561";"Toneladas";"258483";"Toneladas";"4058418";"Toneladas";"4672843";"Toneladas";"-";"Toneladas";"94807";"Toneladas";"732557";"Toneladas";"836738";"Toneladas";"2922305";"Toneladas";"-";"Toneladas";"469566";"Toneladas";"-";"Toneladas";"1240561";"Toneladas";"258341";"Toneladas";"4058418";"Toneladas";"4673494";"Toneladas";"-";"Toneladas";"94807";"Toneladas";"733248";"Toneladas";"836738";"Toneladas";"2922305";"Toneladas";"-";"Toneladas";"469595";"Toneladas";"-";"Toneladas";"1240561";"Toneladas";"258341";"Toneladas";"4065342";"Toneladas";"4866654";"Toneladas";"-";"Toneladas";"94601";"Toneladas";"733083";"Toneladas";"836738";"Toneladas";"3115907";"Toneladas";"-";"Toneladas";"465950";"Toneladas";"-";"Toneladas";"1240541";"Toneladas";"256935";"Toneladas";"4066187";"Toneladas"
"Amapá";"42450";"Toneladas";"-";"Toneladas";"980";"Toneladas";"2750";"Toneladas";"-";"Toneladas";"37500";"Toneladas";"-";"Toneladas";"17800";"Toneladas";"-";"Toneladas";"-";"Toneladas";"3780";"Toneladas";"125600";"Toneladas";"42450";"Toneladas";"-";"Toneladas";"980";"Toneladas";"2750";"Toneladas";"-";"Toneladas";"37500";"Toneladas";"-";"Toneladas";"17800";"Toneladas";"-";"Toneladas";"-";"Toneladas";"3780";"Toneladas";"125600";"Toneladas";"43630";"Toneladas";"-";"Toneladas";"980";"Toneladas";"2750";"Toneladas";"-";"Toneladas";"38680";"Toneladas";"-";"Toneladas";"17800";"Toneladas";"-";"Toneladas";"-";"Toneladas";"3780";"Toneladas";"125600";"Toneladas";"43370";"Toneladas";"-";"Toneladas";"920";"Toneladas";"2550";"Toneladas";"-";"Toneladas";"38680";"Toneladas";"-";"Toneladas";"17800";"Toneladas";"-";"Toneladas";"-";"Toneladas";"3780";"Toneladas";"125600";"Toneladas";"24226";"Toneladas";"-";"Toneladas";"920";"Toneladas";"2550";"Toneladas";"-";"Toneladas";"19536";"Toneladas";"-";"Toneladas";"17800";"Toneladas";"-";"Toneladas";"-";"Toneladas";"3780";"Toneladas";"125600";"Toneladas";"24165";"Toneladas";"-";"Toneladas";"915";"Toneladas";"2512";"Toneladas";"-";"Toneladas";"19536";"Toneladas";"-";"Toneladas";"17512";"Toneladas";"-";"Toneladas";"-";"Toneladas";"3741";"Toneladas";"123849";"Toneladas";"24165";"Toneladas";"-";"Toneladas";"915";"Toneladas";"2512";"Toneladas";"-";"Toneladas";"19536";"Toneladas";"-";"Toneladas";"17512";"Toneladas";"-";"Toneladas";"-";"Toneladas";"3741";"Toneladas";"123849";"Toneladas";"24129";"Toneladas";"-";"Toneladas";"900";"Toneladas";"2504";"Toneladas";"-";"Toneladas";"19536";"Toneladas";"-";"Toneladas";"17318";"Toneladas";"-";"Toneladas";"-";"Toneladas";"3710";"Toneladas";"117527";"Toneladas";"24024";"Toneladas";"-";"Toneladas";"859";"Toneladas";"2489";"Toneladas";"-";"Toneladas";"19536";"Toneladas";"-";"Toneladas";"17024";"Toneladas";"-";"Toneladas";"-";"Toneladas";"3622";"Toneladas";"113042";"Toneladas";"23583";"Toneladas";"-";"Toneladas";"793";"Toneladas";"2261";"Toneladas";"-";"Toneladas";"19536";"Toneladas";"-";"Toneladas";"16220";"Toneladas";"-";"Toneladas";"-";"Toneladas";"3411";"Toneladas";"98474";"Toneladas";"23583";"Toneladas";"-";"Toneladas";"793";"Toneladas";"2261";"Toneladas";"-";"Toneladas";"19536";"Toneladas";"-";"Toneladas";"16190";"Toneladas";"-";"Toneladas";"-";"Toneladas";"3411";"Toneladas";"98474";"Toneladas";"23497";"Toneladas";"-";"Toneladas";"781";"Toneladas";"2217";"Toneladas";"-";"Toneladas";"19536";"Toneladas";"-";"Toneladas";"15614";"Toneladas";"-";"Toneladas";"-";"Toneladas";"3316";"Toneladas";"95110";"Toneladas"
"Tocantins";"6797303";"Toneladas";"14055";"Toneladas";"671596";"Toneladas";"501857";"Toneladas";"1421821";"Toneladas";"3999595";"Toneladas";"-";"Toneladas";"32032";"Toneladas";"-";"Toneladas";"3287309";"Toneladas";"776";"Toneladas";"254286";"Toneladas";"6797303";"Toneladas";"14055";"Toneladas";"671596";"Toneladas";"501857";"Toneladas";"1421821";"Toneladas";"3999595";"Toneladas";"-";"Toneladas";"32032";"Toneladas";"-";"Toneladas";"3287309";"Toneladas";"776";"Toneladas";"254286";"Toneladas";"6797303";"Toneladas";"14055";"Toneladas";"671596";"Toneladas";"501857";"Toneladas";"1421821";"Toneladas";"3999595";"Toneladas";"-";"Toneladas";"32032";"Toneladas";"-";"Toneladas";"3287309";"Toneladas";"776";"Toneladas";"254286";"Toneladas";"6797303";"Toneladas";"14055";"Toneladas";"671596";"Toneladas";"501857";"Toneladas";"1421821";"Toneladas";"3999595";"Toneladas";"-";"Toneladas";"32032";"Toneladas";"-";"Toneladas";"3287309";"Toneladas";"776";"Toneladas";"254286";"Toneladas";"6797303";"Toneladas";"14055";"Toneladas";"671596";"Toneladas";"501857";"Toneladas";"1421821";"Toneladas";"3999595";"Toneladas";"-";"Toneladas";"32032";"Toneladas";"-";"Toneladas";"3287309";"Toneladas";"776";"Toneladas";"254286";"Toneladas";"7102510";"Toneladas";"12984";"Toneladas";"633570";"Toneladas";"526421";"Toneladas";"1421821";"Toneladas";"4265161";"Toneladas";"-";"Toneladas";"33138";"Toneladas";"-";"Toneladas";"3225214";"Toneladas";"961";"Toneladas";"263814";"Toneladas";"7102510";"Toneladas";"12984";"Toneladas";"633570";"Toneladas";"526421";"Toneladas";"1421821";"Toneladas";"4265161";"Toneladas";"-";"Toneladas";"33138";"Toneladas";"-";"Toneladas";"3225214";"Toneladas";"961";"Toneladas";"263814";"Toneladas";"7101992";"Toneladas";"12984";"Toneladas";"633052";"Toneladas";"526421";"Toneladas";"1421821";"Toneladas";"4265161";"Toneladas";"-";"Toneladas";"33138";"Toneladas";"-";"Toneladas";"2980214";"Toneladas";"961";"Toneladas";"264833";"Toneladas";"7153030";"Toneladas";"12984";"Toneladas";"633052";"Toneladas";"526421";"Toneladas";"1443901";"Toneladas";"4288658";"Toneladas";"-";"Toneladas";"33138";"Toneladas";"-";"Toneladas";"2980214";"Toneladas";"1046";"Toneladas";"264833";"Toneladas";"7153030";"Toneladas";"12984";"Toneladas";"633052";"Toneladas";"526421";"Toneladas";"1443901";"Toneladas";"4288658";"Toneladas";"-";"Toneladas";"33138";"Toneladas";"-";"Toneladas";"2980214";"Toneladas";"1046";"Toneladas";"264833";"Toneladas";"7153030";"Toneladas";"12984";"Toneladas";"633052";"Toneladas";"526421";"Toneladas";"1443901";"Toneladas";"4288658";"Toneladas";"-";"Toneladas";"33138";"Toneladas";"-";"Toneladas";"2980214";"Toneladas";"1046";"Toneladas";"264833";"Toneladas";"7153030";"Toneladas";"12984";"Toneladas";"633052";"Toneladas";"526421";"Toneladas";"1443901";"Toneladas";"4288658";"Toneladas";"-";"Toneladas";"33138";"Toneladas";"-";"Toneladas";"2980214";"Toneladas";"1046";"Toneladas";"264833";"Toneladas"
"Maranhão";"6404721";"Toneladas";"112488";"Toneladas";"164714";"Toneladas";"1576905";"Toneladas";"879164";"Toneladas";"3666289";"Toneladas";"-";"Toneladas";"86138";"Toneladas";"-";"Toneladas";"3102084";"Toneladas";"348";"Toneladas";"407934";"Toneladas";"6407650";"Toneladas";"113400";"Toneladas";"164714";"Toneladas";"1579278";"Toneladas";"879164";"Toneladas";"3666289";"Toneladas";"-";"Toneladas";"86138";"Toneladas";"-";"Toneladas";"3102084";"Toneladas";"348";"Toneladas";"407934";"Toneladas";"6442151";"Toneladas";"113400";"Toneladas";"166011";"Toneladas";"1590248";"Toneladas";"880724";"Toneladas";"3686951";"Toneladas";"-";"Toneladas";"86203";"Toneladas";"-";"Toneladas";"3102541";"Toneladas";"348";"Toneladas";"407934";"Toneladas";"6442152";"Toneladas";"113400";"Toneladas";"166012";"Toneladas";"1590248";"Toneladas";"880724";"Toneladas";"3686951";"Toneladas";"-";"Toneladas";"86215";"Toneladas";"-";"Toneladas";"3102541";"Toneladas";"348";"Toneladas";"407934";"Toneladas";"6483021";"Toneladas";"113400";"Toneladas";"166627";"Toneladas";"1599603";"Toneladas";"880724";"Toneladas";"3717850";"Toneladas";"-";"Toneladas";"86215";"Toneladas";"-";"Toneladas";"2893761";"Toneladas";"348";"Toneladas";"407934";"Toneladas";"6510066";"Toneladas";"113400";"Toneladas";"165148";"Toneladas";"1601906";"Toneladas";"880724";"Toneladas";"3744059";"Toneladas";"-";"Toneladas";"85994";"Toneladas";"-";"Toneladas";"2894079";"Toneladas";"348";"Toneladas";"408043";"Toneladas";"6512126";"Toneladas";"113400";"Toneladas";"165095";"Toneladas";"1604009";"Toneladas";"880724";"Toneladas";"3744059";"Toneladas";"-";"Toneladas";"86002";"Toneladas";"-";"Toneladas";"2894371";"Toneladas";"348";"Toneladas";"408071";"Toneladas";"6511910";"Toneladas";"113400";"Toneladas";"165095";"Toneladas";"1603594";"Toneladas";"880724";"Toneladas";"3744259";"Toneladas";"-";"Toneladas";"85999";"Toneladas";"-";"Toneladas";"2908449";"Toneladas";"348";"Toneladas";"408281";"Toneladas";"6511906";"Toneladas";"113400";"Toneladas";"165095";"Toneladas";"1603594";"Toneladas";"880724";"Toneladas";"3744259";"Toneladas";"-";"Toneladas";"85989";"Toneladas";"-";"Toneladas";"2908164";"Toneladas";"348";"Toneladas";"408319";"Toneladas";"6511906";"Toneladas";"113400";"Toneladas";"165095";"Toneladas";"1603594";"Toneladas";"880724";"Toneladas";"3744259";"Toneladas";"-";"Toneladas";"86004";"Toneladas";"-";"Toneladas";"2908127";"Toneladas";"348";"Toneladas";"408500";"Toneladas";"6538817";"Toneladas";"113400";"Toneladas";"174431";"Toneladas";"1597408";"Toneladas";"884159";"Toneladas";"3765180";"Toneladas";"-";"Toneladas";"85833";"Toneladas";"-";"Toneladas";"2743828";"Toneladas";"348";"Toneladas";"399998";"Toneladas";"6537881";"Toneladas";"113400";"Toneladas";"175893";"Toneladas";"1595164";"Toneladas";"884159";"Toneladas";"3765180";"Toneladas";"-";"Toneladas";"85165";"Toneladas";"-";"Toneladas";"2743828";"Toneladas";"348";"Toneladas";"398418";"Toneladas"
"Piauí";"6586993";"Toneladas";"70384";"Toneladas";"99144";"Toneladas";"2370832";"Toneladas";"739858";"Toneladas";"3201057";"Toneladas";"-";"Toneladas";"55660";"Toneladas";"-";"Toneladas";"1069539";"Toneladas";"1649";"Toneladas";"448151";"Toneladas";"6702541";"Toneladas";"70470";"Toneladas";"109112";"Toneladas";"2420240";"Toneladas";"722207";"Toneladas";"3258861";"Toneladas";"-";"Toneladas";"55683";"Toneladas";"-";"Toneladas";"1069506";"Toneladas";"1661";"Toneladas";"522177";"Toneladas";"6702541";"Toneladas";"70470";"Toneladas";"109112";"Toneladas";"2420240";"Toneladas";"722207";"Toneladas";"3258861";"Toneladas";"-";"Toneladas";"55683";"Toneladas";"-";"Toneladas";"1069506";"Toneladas";"1661";"Toneladas";"522177";"Toneladas";"6708550";"Toneladas";"71627";"Toneladas";"106457";"Toneladas";"2371887";"Toneladas";"731252";"Toneladas";"3312858";"Toneladas";"-";"Toneladas";"57147";"Toneladas";"-";"Toneladas";"1069689";"Toneladas";"1621";"Toneladas";"505814";"Toneladas";"6708550";"Toneladas";"71627";"Toneladas";"106457";"Toneladas";"2371887";"Toneladas";"731252";"Toneladas";"3312858";"Toneladas";"-";"Toneladas";"57147";"Toneladas";"-";"Toneladas";"1069689";"Toneladas";"1621";"Toneladas";"505814";"Toneladas";"6708550";"Toneladas";"71627";"Toneladas";"106457";"Toneladas";"2371887";"Toneladas";"731252";"Toneladas";"3312858";"Toneladas";"-";"Toneladas";"57147";"Toneladas";"-";"Toneladas";"1069689";"Toneladas";"1621";"Toneladas";"505814";"Toneladas";"6614670";"Toneladas";"73031";"Toneladas";"92878";"Toneladas";"2220609";"Toneladas";"698638";"Toneladas";"3444728";"Toneladas";"-";"Toneladas";"56944";"Toneladas";"-";"Toneladas";"1068978";"Toneladas";"1621";"Toneladas";"494988";"Toneladas";"6605185";"Toneladas";"73031";"Toneladas";"92878";"Toneladas";"2212419";"Toneladas";"698638";"Toneladas";"3444728";"Toneladas";"-";"Toneladas";"56944";"Toneladas";"-";"Toneladas";"1068978";"Toneladas";"1621";"Toneladas";"494988";"Toneladas";"6605185";"Toneladas";"73031";"Toneladas";"92878";"Toneladas";"2212419";"Toneladas";"698638";"Toneladas";"3444728";"Toneladas";"-";"Toneladas";"56944";"Toneladas";"-";"Toneladas";"1068978";"Toneladas";"1621";"Toneladas";"494988";"Toneladas";"6605185";"Toneladas";"73031";"Toneladas";"92878";"Toneladas";"2212419";"Toneladas";"698638";"Toneladas";"3444728";"Toneladas";"-";"Toneladas";"56944";"Toneladas";"-";"Toneladas";"1068978";"Toneladas";"1621";"Toneladas";"494988";"Toneladas";"6442898";"Toneladas";"72999";"Toneladas";"92716";"Toneladas";"2046297";"Toneladas";"710206";"Toneladas";"3387609";"Toneladas";"-";"Toneladas";"55650";"Toneladas";"-";"Toneladas";"1183019";"Toneladas";"1607";"Toneladas";"489577";"Toneladas";"6442898";"Toneladas";"72999";"Toneladas";"92716";"Toneladas";"2046297";"Toneladas";"710206";"Toneladas";"3387609";"Toneladas";"-";"Toneladas";"55650";"Toneladas";"-";"Toneladas";"1183019";"Toneladas";"1607";"Toneladas";"489577";"Toneladas"
"Ceará";"541490";"Toneladas";"2482";"Toneladas";"17920";"Toneladas";"413623";"Toneladas";"0";"Toneladas";"9361";"Toneladas";"-";"Toneladas";"472671";"Toneladas";"366";"Toneladas";"454535";"Toneladas";"7056";"Toneladas";"581525";"Toneladas";"541651";"Toneladas";"2488";"Toneladas";"17920";"Toneladas";"413659";"Toneladas";"0";"Toneladas";"9361";"Toneladas";"-";"Toneladas";"472130";"Toneladas";"366";"Toneladas";"455684";"Toneladas";"7056";"Toneladas";"581653";"Toneladas";"551604";"Toneladas";"2613";"Toneladas";"16054";"Toneladas";"422533";"Toneladas";"0";"Toneladas";"9563";"Toneladas";"-";"Toneladas";"472130";"Toneladas";"366";"Toneladas";"455684";"Toneladas";"7056";"Toneladas";"576018";"Toneladas";"635983";"Toneladas";"5634";"Toneladas";"16150";"Toneladas";"493698";"Toneladas";"0";"Toneladas";"9563";"Toneladas";"-";"Toneladas";"473749";"Toneladas";"366";"Toneladas";"455938";"Toneladas";"7056";"Toneladas";"584940";"Toneladas";"675050";"Toneladas";"5815";"Toneladas";"16336";"Toneladas";"527566";"Toneladas";"0";"Toneladas";"9563";"Toneladas";"-";"Toneladas";"448897";"Toneladas";"366";"Toneladas";"456260";"Toneladas";"7054";"Toneladas";"583727";"Toneladas";"671999";"Toneladas";"5864";"Toneladas";"17654";"Toneladas";"525064";"Toneladas";"0";"Toneladas";"9563";"Toneladas";"-";"Toneladas";"449220";"Toneladas";"388";"Toneladas";"489102";"Toneladas";"7053";"Toneladas";"618408";"Toneladas";"618794";"Toneladas";"3695";"Toneladas";"19426";"Toneladas";"486248";"Toneladas";"0";"Toneladas";"9949";"Toneladas";"-";"Toneladas";"454026";"Toneladas";"388";"Toneladas";"554743";"Toneladas";"7048";"Toneladas";"704435";"Toneladas";"563258";"Toneladas";"4043";"Toneladas";"19309";"Toneladas";"433365";"Toneladas";"500";"Toneladas";"18317";"Toneladas";"-";"Toneladas";"459753";"Toneladas";"388";"Toneladas";"549491";"Toneladas";"7042";"Toneladas";"719384";"Toneladas";"500472";"Toneladas";"5955";"Toneladas";"19336";"Toneladas";"377849";"Toneladas";"836";"Toneladas";"18328";"Toneladas";"-";"Toneladas";"460350";"Toneladas";"474";"Toneladas";"551670";"Toneladas";"7028";"Toneladas";"721877";"Toneladas";"497798";"Toneladas";"5921";"Toneladas";"19027";"Toneladas";"376789";"Toneladas";"836";"Toneladas";"18328";"Toneladas";"-";"Toneladas";"455508";"Toneladas";"474";"Toneladas";"556638";"Toneladas";"7030";"Toneladas";"723213";"Toneladas";"487868";"Toneladas";"5907";"Toneladas";"19053";"Toneladas";"369032";"Toneladas";"836";"Toneladas";"18328";"Toneladas";"-";"Toneladas";"464797";"Toneladas";"480";"Toneladas";"558305";"Toneladas";"8480";"Toneladas";"723023";"Toneladas";"475580";"Toneladas";"5888";"Toneladas";"19233";"Toneladas";"358638";"Toneladas";"1086";"Toneladas";"19113";"Toneladas";"-";"Toneladas";"421393";"Toneladas";"481";"Toneladas";"556509";"Toneladas";"8155";"Toneladas";"727825";"Toneladas"
"Rio Grande do Norte";"48379";"Toneladas";"1098";"Toneladas";"2748";"Toneladas";"27808";"Toneladas";"-";"Toneladas";"-";"Toneladas";"-";"Toneladas";"239201";"Toneladas";"-";"Toneladas";"4863969";"Toneladas";"844";"Toneladas";"286828";"Toneladas";"48379";"Toneladas";"1098";"Toneladas";"2748";"Toneladas";"27808";"Toneladas";"-";"Toneladas";"-";"Toneladas";"-";"Toneladas";"239201";"Toneladas";"-";"Toneladas";"4863969";"Toneladas";"844";"Toneladas";"286828";"Toneladas";"48379";"Toneladas";"1098";"Toneladas";"2748";"Toneladas";"27808";"Toneladas";"-";"Toneladas";"-";"Toneladas";"-";"Toneladas";"239201";"Toneladas";"-";"Toneladas";"4863969";"Toneladas";"844";"Toneladas";"286828";"Toneladas";"48379";"Toneladas";"1098";"Toneladas";"2748";"Toneladas";"27808";"Toneladas";"-";"Toneladas";"-";"Toneladas";"-";"Toneladas";"239201";"Toneladas";"-";"Toneladas";"4863969";"Toneladas";"844";"Toneladas";"286828";"Toneladas";"59959";"Toneladas";"1215";"Toneladas";"1875";"Toneladas";"37469";"Toneladas";"-";"Toneladas";"-";"Toneladas";"-";"Toneladas";"195937";"Toneladas";"-";"Toneladas";"3835094";"Toneladas";"217";"Toneladas";"178192";"Toneladas";"59959";"Toneladas";"1215";"Toneladas";"1875";"Toneladas";"37469";"Toneladas";"-";"Toneladas";"-";"Toneladas";"-";"Toneladas";"195937";"Toneladas";"-";"Toneladas";"3835094";"Toneladas";"217";"Toneladas";"178192";"Toneladas";"47608";"Toneladas";"2787";"Toneladas";"607";"Toneladas";"30938";"Toneladas";"-";"Toneladas";"-";"Toneladas";"-";"Toneladas";"208785";"Toneladas";"-";"Toneladas";"4737657";"Toneladas";"209";"Toneladas";"224794";"Toneladas";"46130";"Toneladas";"2825";"Toneladas";"588";"Toneladas";"29857";"Toneladas";"-";"Toneladas";"-";"Toneladas";"-";"Toneladas";"209026";"Toneladas";"-";"Toneladas";"4737657";"Toneladas";"209";"Toneladas";"226084";"Toneladas";"44635";"Toneladas";"2810";"Toneladas";"588";"Toneladas";"29299";"Toneladas";"-";"Toneladas";"-";"Toneladas";"-";"Toneladas";"212536";"Toneladas";"-";"Toneladas";"4888408";"Toneladas";"209";"Toneladas";"215644";"Toneladas";"42889";"Toneladas";"2835";"Toneladas";"549";"Toneladas";"28214";"Toneladas";"-";"Toneladas";"-";"Toneladas";"-";"Toneladas";"212322";"Toneladas";"-";"Toneladas";"4468158";"Toneladas";"209";"Toneladas";"215380";"Toneladas";"38111";"Toneladas";"2729";"Toneladas";"346";"Toneladas";"24875";"Toneladas";"-";"Toneladas";"-";"Toneladas";"-";"Toneladas";"200642";"Toneladas";"-";"Toneladas";"4462977";"Toneladas";"209";"Toneladas";"219624";"Toneladas";"37873";"Toneladas";"2723";"Toneladas";"328";"Toneladas";"24726";"Toneladas";"-";"Toneladas";"-";"Toneladas";"-";"Toneladas";"204137";"Toneladas";"-";"Toneladas";"3699247";"Toneladas";"284";"Toneladas";"237452";"Toneladas"
"Paraíba";"154756";"Toneladas";"1915";"Toneladas";"4414";"Toneladas";"99713";"Toneladas";"-";"Toneladas";"-";"Toneladas";"-";"Toneladas";"143742";"Toneladas";"-";"Toneladas";"5460018";"Toneladas";"5253";"Toneladas";"139601";"Toneladas";"154756";"Toneladas";"1915";"Toneladas";"4414";"Toneladas";"99713";"Toneladas";"-";"Toneladas";"-";"Toneladas";"-";"Toneladas";"143742";"Toneladas";"-";"Toneladas";"5460018";"Toneladas";"5253";"Toneladas";"139601";"Toneladas";"154756";"Toneladas";"1915";"Toneladas";"4414";"Toneladas";"99713";"Toneladas";"-";"Toneladas";"-";"Toneladas";"-";"Toneladas";"143742";"Toneladas";"-";"Toneladas";"5460018";"Toneladas";"5253";"Toneladas";"139601";"Toneladas";"160912";"Toneladas";"1668";"Toneladas";"2697";"Toneladas";"109609";"Toneladas";"-";"Toneladas";"-";"Toneladas";"-";"Toneladas";"149697";"Toneladas";"-";"Toneladas";"5666545";"Toneladas";"5378";"Toneladas";"153037";"Toneladas";"160912";"Toneladas";"1668";"Toneladas";"2697";"Toneladas";"109609";"Toneladas";"-";"Toneladas";"-";"Toneladas";"-";"Toneladas";"149697";"Toneladas";"-";"Toneladas";"5666545";"Toneladas";"5378";"Toneladas";"153037";"Toneladas";"160912";"Toneladas";"1668";"Toneladas";"2697";"Toneladas";"109609";"Toneladas";"-";"Toneladas";"-";"Toneladas";"-";"Toneladas";"149697";"Toneladas";"-";"Toneladas";"5666545";"Toneladas";"5378";"Toneladas";"153037";"Toneladas";"160912";"Toneladas";"1668";"Toneladas";"2697";"Toneladas";"109609";"Toneladas";"-";"Toneladas";"-";"Toneladas";"-";"Toneladas";"149697";"Toneladas";"-";"Toneladas";"5666545";"Toneladas";"5378";"Toneladas";"153037";"Toneladas";"80453";"Toneladas";"1259";"Toneladas";"2054";"Toneladas";"53494";"Toneladas";"-";"Toneladas";"-";"Toneladas";"-";"Toneladas";"150136";"Toneladas";"-";"Toneladas";"5680907";"Toneladas";"5333";"Toneladas";"158828";"Toneladas";"80453";"Toneladas";"1259";"Toneladas";"2054";"Toneladas";"53494";"Toneladas";"-";"Toneladas";"-";"Toneladas";"-";"Toneladas";"150136";"Toneladas";"-";"Toneladas";"5680907";"Toneladas";"5333";"Toneladas";"158828";"Toneladas";"80453";"Toneladas";"1259";"Toneladas";"2054";"Toneladas";"53494";"Toneladas";"-";"Toneladas";"-";"Toneladas";"-";"Toneladas";"150136";"Toneladas";"-";"Toneladas";"5680907";"Toneladas";"5333";"Toneladas";"158828";"Toneladas";"61839";"Toneladas";"1098";"Toneladas";"1707";"Toneladas";"42097";"Toneladas";"-";"Toneladas";"-";"Toneladas";"-";"Toneladas";"153903";"Toneladas";"-";"Toneladas";"6138306";"Toneladas";"5140";"Toneladas";"155830";"Toneladas";"61839";"Toneladas";"1098";"Toneladas";"1707";"Toneladas";"42097";"Toneladas";"-";"Toneladas";"-";"Toneladas";"-";"Toneladas";"153903";"Toneladas";"-";"Toneladas";"6138306";"Toneladas";"5140";"Toneladas";"155830";"Toneladas"
"Pernambuco";"178937";"Toneladas";"102";"Toneladas";"4818";"Toneladas";"53185";"Toneladas";"40813";"Toneladas";"-";"Toneladas";"-";"Toneladas";"476775";"Toneladas";"509";"Toneladas";"13994960";"Toneladas";"3795";"Toneladas";"508831";"Toneladas";"178937";"Toneladas";"102";"Toneladas";"4818";"Toneladas";"53185";"Toneladas";"40813";"Toneladas";"-";"Toneladas";"-";"Toneladas";"476775";"Toneladas";"509";"Toneladas";"13994960";"Toneladas";"3795";"Toneladas";"508831";"Toneladas";"178937";"Toneladas";"102";"Toneladas";"4818";"Toneladas";"53185";"Toneladas";"40813";"Toneladas";"-";"Toneladas";"-";"Toneladas";"476775";"Toneladas";"509";"Toneladas";"13994960";"Toneladas";"3795";"Toneladas";"508831";"Toneladas";"178937";"Toneladas";"102";"Toneladas";"4818";"Toneladas";"53185";"Toneladas";"40813";"Toneladas";"-";"Toneladas";"-";"Toneladas";"476775";"Toneladas";"509";"Toneladas";"13994960";"Toneladas";"3795";"Toneladas";"508831";"Toneladas";"178937";"Toneladas";"102";"Toneladas";"4818";"Toneladas";"53185";"Toneladas";"40813";"Toneladas";"-";"Toneladas";"-";"Toneladas";"476775";"Toneladas";"509";"Toneladas";"13994960";"Toneladas";"3795";"Toneladas";"508831";"Toneladas";"178937";"Toneladas";"102";"Toneladas";"4818";"Toneladas";"53185";"Toneladas";"40813";"Toneladas";"-";"Toneladas";"-";"Toneladas";"476775";"Toneladas";"509";"Toneladas";"13994960";"Toneladas";"3795";"Toneladas";"508831";"Toneladas";"178937";"Toneladas";"102";"Toneladas";"4818";"Toneladas";"53185";"Toneladas";"40813";"Toneladas";"-";"Toneladas";"-";"Toneladas";"476775";"Toneladas";"509";"Toneladas";"13994960";"Toneladas";"3795";"Toneladas";"508831";"Toneladas";"178937";"Toneladas";"102";"Toneladas";"4818";"Toneladas";"53185";"Toneladas";"40813";"Toneladas";"-";"Toneladas";"-";"Toneladas";"476775";"Toneladas";"509";"Toneladas";"13994960";"Toneladas";"3795";"Toneladas";"508831";"Toneladas";"178937";"Toneladas";"102";"Toneladas";"4818";"Toneladas";"53185";"Toneladas";"40813";"Toneladas";"-";"Toneladas";"-";"Toneladas";"476775";"Toneladas";"509";"Toneladas";"13994960";"Toneladas";"3795";"Toneladas";"508831";"Toneladas";"178937";"Toneladas";"102";"Toneladas";"4818";"Toneladas";"53185";"Toneladas";"40813";"Toneladas";"-";"Toneladas";"-";"Toneladas";"476775";"Toneladas";"509";"Toneladas";"13994960";"Toneladas";"3795";"Toneladas";"508831";"Toneladas";"113054";"Toneladas";"19";"Toneladas";"6";"Toneladas";"18118";"Toneladas";"39186";"Toneladas";"-";"Toneladas";"-";"Toneladas";"454649";"Toneladas";"265";"Toneladas";"15809385";"Toneladas";"3625";"Toneladas";"490550";"Toneladas";"96527";"Toneladas";"15";"Toneladas";"6";"Toneladas";"19215";"Toneladas";"27116";"Toneladas";"-";"Toneladas";"-";"Toneladas";"458996";"Toneladas";"255";"Toneladas";"16333058";"Toneladas";"7274";"Toneladas";"515925";"Toneladas"
"Alagoas";"181979";"Toneladas";"1050";"Toneladas";"23311";"Toneladas";"-";"Toneladas";"115000";"Toneladas";"12431";"Toneladas";"-";"Toneladas";"112605";"Toneladas";"-";"Toneladas";"16903751";"Toneladas";"148512";"Toneladas";"596022";"Toneladas";"181979";"Toneladas";"1050";"Toneladas";"23311";"Toneladas";"-";"Toneladas";"115000";"Toneladas";"12431";"Toneladas";"-";"Toneladas";"112605";"Toneladas";"-";"Toneladas";"16903751";"Toneladas";"148512";"Toneladas";"596022";"Toneladas";"181979";"Toneladas";"1050";"Toneladas";"23311";"Toneladas";"-";"Toneladas";"115000";"Toneladas";"12431";"Toneladas";"-";"Toneladas";"112605";"Toneladas";"-";"Toneladas";"16903751";"Toneladas";"148512";"Toneladas";"596022";"Toneladas";"181979";"Toneladas";"1050";"Toneladas";"23311";"Toneladas";"-";"Toneladas";"115000";"Toneladas";"12431";"Toneladas";"-";"Toneladas";"112605";"Toneladas";"-";"Toneladas";"16903751";"Toneladas";"148512";"Toneladas";"596022";"Toneladas";"215866";"Toneladas";"1470";"Toneladas";"23862";"Toneladas";"-";"Toneladas";"145675";"Toneladas";"13416";"Toneladas";"-";"Toneladas";"120494";"Toneladas";"-";"Toneladas";"18747990";"Toneladas";"113223";"Toneladas";"583763";"Toneladas";"213958";"Toneladas";"1605";"Toneladas";"23862";"Toneladas";"-";"Toneladas";"145675";"Toneladas";"15776";"Toneladas";"-";"Toneladas";"120494";"Toneladas";"-";"Toneladas";"18747990";"Toneladas";"100169";"Toneladas";"519576";"Toneladas";"234088";"Toneladas";"23";"Toneladas";"23716";"Toneladas";"-";"Toneladas";"165271";"Toneladas";"17212";"Toneladas";"-";"Toneladas";"117935";"Toneladas";"-";"Toneladas";"18747990";"Toneladas";"111669";"Toneladas";"475817";"Toneladas";"233054";"Toneladas";"23";"Toneladas";"23716";"Toneladas";"-";"Toneladas";"165271";"Toneladas";"17212";"Toneladas";"-";"Toneladas";"117935";"Toneladas";"-";"Toneladas";"18747990";"Toneladas";"111669";"Toneladas";"475817";"Toneladas";"238112";"Toneladas";"18";"Toneladas";"19668";"Toneladas";"-";"Toneladas";"176779";"Toneladas";"16493";"Toneladas";"-";"Toneladas";"117035";"Toneladas";"-";"Toneladas";"18747990";"Toneladas";"113650";"Toneladas";"491155";"Toneladas";"238112";"Toneladas";"18";"Toneladas";"19668";"Toneladas";"-";"Toneladas";"176779";"Toneladas";"16493";"Toneladas";"-";"Toneladas";"117035";"Toneladas";"-";"Toneladas";"18747990";"Toneladas";"113650";"Toneladas";"491155";"Toneladas";"131923";"Toneladas";"28";"Toneladas";"22399";"Toneladas";"-";"Toneladas";"72807";"Toneladas";"18568";"Toneladas";"-";"Toneladas";"111498";"Toneladas";"-";"Toneladas";"18788475";"Toneladas";"92649";"Toneladas";"532352";"Toneladas";"131923";"Toneladas";"28";"Toneladas";"22399";"Toneladas";"-";"Toneladas";"72807";"Toneladas";"18568";"Toneladas";"-";"Toneladas";"111498";"Toneladas";"-";"Toneladas";"18788475";"Toneladas";"92649";"Toneladas";"532352";"Toneladas"
"Sergipe";"791808";"Toneladas";"-";"Toneladas";"38550";"Toneladas";"-";"Toneladas";"749153";"Toneladas";"-";"Toneladas";"-";"Toneladas";"-";"Toneladas";"-";"Toneladas";"2064468";"Toneladas";"359510";"Toneladas";"150704";"Toneladas";"791808";"Toneladas";"-";"Toneladas";"38550";"Toneladas";"-";"Toneladas";"749153";"Toneladas";"-";"Toneladas";"-";"Toneladas";"-";"Toneladas";"-";"Toneladas";"2064468";"Toneladas";"359510";"Toneladas";"150704";"Toneladas";"791808";"Toneladas";"-";"Toneladas";"38550";"Toneladas";"-";"Toneladas";"749153";"Toneladas";"-";"Toneladas";"-";"Toneladas";"-";"Toneladas";"-";"Toneladas";"2064468";"Toneladas";"359510";"Toneladas";"150704";"Toneladas";"791808";"Toneladas";"-";"Toneladas";"38550";"Toneladas";"-";"Toneladas";"749153";"Toneladas";"-";"Toneladas";"-";"Toneladas";"-";"Toneladas";"-";"Toneladas";"2064468";"Toneladas";"359510";"Toneladas";"150704";"Toneladas";"791808";"Toneladas";"-";"Toneladas";"38550";"Toneladas";"-";"Toneladas";"749153";"Toneladas";"-";"Toneladas";"-";"Toneladas";"-";"Toneladas";"-";"Toneladas";"2064468";"Toneladas";"359510";"Toneladas";"150704";"Toneladas";"791808";"Toneladas";"-";"Toneladas";"38550";"Toneladas";"-";"Toneladas";"749153";"Toneladas";"-";"Toneladas";"-";"Toneladas";"-";"Toneladas";"-";"Toneladas";"2064468";"Toneladas";"359510";"Toneladas";"150704";"Toneladas";"791808";"Toneladas";"-";"Toneladas";"38550";"Toneladas";"-";"Toneladas";"749153";"Toneladas";"-";"Toneladas";"-";"Toneladas";"-";"Toneladas";"-";"Toneladas";"2064468";"Toneladas";"359510";"Toneladas";"150704";"Toneladas";"1010875";"Toneladas";"-";"Toneladas";"38194";"Toneladas";"-";"Toneladas";"969527";"Toneladas";"-";"Toneladas";"-";"Toneladas";"-";"Toneladas";"-";"Toneladas";"1952185";"Toneladas";"378226";"Toneladas";"150704";"Toneladas";"1028554";"Toneladas";"-";"Toneladas";"38845";"Toneladas";"-";"Toneladas";"986951";"Toneladas";"-";"Toneladas";"-";"Toneladas";"-";"Toneladas";"-";"Toneladas";"1952538";"Toneladas";"381946";"Toneladas";"179122";"Toneladas";"1028554";"Toneladas";"-";"Toneladas";"38845";"Toneladas";"-";"Toneladas";"986951";"Toneladas";"-";"Toneladas";"-";"Toneladas";"-";"Toneladas";"-";"Toneladas";"1952538";"Toneladas";"381946";"Toneladas";"179122";"Toneladas";"1028554";"Toneladas";"-";"Toneladas";"38845";"Toneladas";"-";"Toneladas";"986951";"Toneladas";"-";"Toneladas";"-";"Toneladas";"-";"Toneladas";"-";"Toneladas";"1952538";"Toneladas";"381946";"Toneladas";"179122";"Toneladas";"1028554";"Toneladas";"-";"Toneladas";"38845";"Toneladas";"-";"Toneladas";"986951";"Toneladas";"-";"Toneladas";"-";"Toneladas";"-";"Toneladas";"-";"Toneladas";"1952538";"Toneladas";"381946";"Toneladas";"179122";"Toneladas"
"Bahia";"10988805";"Toneladas";"1334815";"Toneladas";"750";"Toneladas";"2165320";"Toneladas";"520780";"Toneladas";"7063494";"Toneladas";"35112";"Toneladas";"913790";"Toneladas";"69510";"Toneladas";"5469690";"Toneladas";"634282";"Toneladas";"938342";"Toneladas";"10988805";"Toneladas";"1334815";"Toneladas";"750";"Toneladas";"2165320";"Toneladas";"520780";"Toneladas";"7063494";"Toneladas";"35112";"Toneladas";"913790";"Toneladas";"69510";"Toneladas";"5469690";"Toneladas";"634282";"Toneladas";"938342";"Toneladas";"10988805";"Toneladas";"1334815";"Toneladas";"750";"Toneladas";"2165320";"Toneladas";"520780";"Toneladas";"7063494";"Toneladas";"35112";"Toneladas";"913790";"Toneladas";"69510";"Toneladas";"5469690";"Toneladas";"634282";"Toneladas";"938342";"Toneladas";"10988805";"Toneladas";"1334815";"Toneladas";"750";"Toneladas";"2165320";"Toneladas";"520780";"Toneladas";"7063494";"Toneladas";"35112";"Toneladas";"913790";"Toneladas";"69510";"Toneladas";"5469690";"Toneladas";"634282";"Toneladas";"938342";"Toneladas";"10988805";"Toneladas";"1334815";"Toneladas";"750";"Toneladas";"2165320";"Toneladas";"520780";"Toneladas";"7063494";"Toneladas";"35112";"Toneladas";"913790";"Toneladas";"69510";"Toneladas";"5469690";"Toneladas";"634282";"Toneladas";"938342";"Toneladas";"10988805";"Toneladas";"1334815";"Toneladas";"750";"Toneladas";"2165320";"Toneladas";"520780";"Toneladas";"7063494";"Toneladas";"35112";"Toneladas";"913790";"Toneladas";"69510";"Toneladas";"5469690";"Toneladas";"634282";"Toneladas";"938342";"Toneladas";"12147984";"Toneladas";"1741230";"Toneladas";"750";"Toneladas";"2349720";"Toneladas";"745200";"Toneladas";"7565940";"Toneladas";"35112";"Toneladas";"913790";"Toneladas";"69510";"Toneladas";"5469690";"Toneladas";"634282";"Toneladas";"938342";"Toneladas";"12147984";"Toneladas";"1741230";"Toneladas";"750";"Toneladas";"2349720";"Toneladas";"745200";"Toneladas";"7565940";"Toneladas";"35112";"Toneladas";"913790";"Toneladas";"99600";"Toneladas";"5469690";"Toneladas";"634282";"Toneladas";"938342";"Toneladas";"12147984";"Toneladas";"1741230";"Toneladas";"750";"Toneladas";"2349720";"Toneladas";"745200";"Toneladas";"7565940";"Toneladas";"35112";"Toneladas";"913790";"Toneladas";"99600";"Toneladas";"5469690";"Toneladas";"634282";"Toneladas";"938342";"Toneladas";"12148058";"Toneladas";"1741350";"Toneladas";"750";"Toneladas";"2349720";"Toneladas";"745200";"Toneladas";"7565940";"Toneladas";"35112";"Toneladas";"913790";"Toneladas";"99600";"Toneladas";"5469690";"Toneladas";"634282";"Toneladas";"938342";"Toneladas";"12148058";"Toneladas";"1741350";"Toneladas";"750";"Toneladas";"2349720";"Toneladas";"745200";"Toneladas";"7565940";"Toneladas";"35112";"Toneladas";"913790";"Toneladas";"100680";"Toneladas";"5469690";"Toneladas";"634282";"Toneladas";"938342";"Toneladas";"12148058";"Toneladas";"1741350";"Toneladas";"750";"Toneladas";"2349720";"Toneladas";"745200";"Toneladas";"7565940";"Toneladas";"35112";"Toneladas";"913790";"Toneladas";"100680";"Toneladas";"5469690";"Toneladas";"634282";"Toneladas";"938342";"Toneladas"
"Minas Gerais";"17593212";"Toneladas";"115600";"Toneladas";"9248";"Toneladas";"4952917";"Toneladas";"3026037";"Toneladas";"7907632";"Toneladas";"313518";"Toneladas";"820632";"Toneladas";"1682236";"Toneladas";"75403863";"Toneladas";"1055357";"Toneladas";"550066";"Toneladas";"17593212";"Toneladas";"115600";"Toneladas";"9248";"Toneladas";"4952917";"Toneladas";"3026037";"Toneladas";"7907632";"Toneladas";"313518";"Toneladas";"820632";"Toneladas";"1682236";"Toneladas";"75403863";"Toneladas";"1055357";"Toneladas";"550066";"Toneladas";"17593212";"Toneladas";"115600";"Toneladas";"9248";"Toneladas";"4952917";"Toneladas";"3026037";"Toneladas";"7907632";"Toneladas";"313518";"Toneladas";"820632";"Toneladas";"1682236";"Toneladas";"75403863";"Toneladas";"1055357";"Toneladas";"550066";"Toneladas";"18016478";"Toneladas";"110984";"Toneladas";"10348";"Toneladas";"5058003";"Toneladas";"2785335";"Toneladas";"8117362";"Toneladas";"313518";"Toneladas";"820632";"Toneladas";"1682236";"Toneladas";"75403863";"Toneladas";"1055357";"Toneladas";"550066";"Toneladas";"18011138";"Toneladas";"110984";"Toneladas";"10348";"Toneladas";"5058003";"Toneladas";"2778615";"Toneladas";"8117362";"Toneladas";"318363";"Toneladas";"820632";"Toneladas";"1690556";"Toneladas";"75403863";"Toneladas";"1055357";"Toneladas";"550066";"Toneladas";"18134812";"Toneladas";"110800";"Toneladas";"10406";"Toneladas";"5093554";"Toneladas";"2778615";"Toneladas";"8201504";"Toneladas";"318363";"Toneladas";"820632";"Toneladas";"1701177";"Toneladas";"76749447";"Toneladas";"1080379";"Toneladas";"548536";"Toneladas";"18158351";"Toneladas";"110800";"Toneladas";"10406";"Toneladas";"5093554";"Toneladas";"2783043";"Toneladas";"8201504";"Toneladas";"318363";"Toneladas";"888351";"Toneladas";"1701177";"Toneladas";"76692811";"Toneladas";"1112133";"Toneladas";"548536";"Toneladas";"19283430";"Toneladas";"118659";"Toneladas";"10331";"Toneladas";"5215484";"Toneladas";"3086007";"Toneladas";"8459164";"Toneladas";"459229";"Toneladas";"888351";"Toneladas";"1665059";"Toneladas";"82329143";"Toneladas";"1107776";"Toneladas";"548536";"Toneladas";"19283195";"Toneladas";"118604";"Toneladas";"10327";"Toneladas";"5201123";"Toneladas";"3100267";"Toneladas";"8459161";"Toneladas";"459229";"Toneladas";"888162";"Toneladas";"1682591";"Toneladas";"82456211";"Toneladas";"1107776";"Toneladas";"550967";"Toneladas";"19278663";"Toneladas";"118604";"Toneladas";"10327";"Toneladas";"5201123";"Toneladas";"3095859";"Toneladas";"8459161";"Toneladas";"459229";"Toneladas";"885058";"Toneladas";"1682591";"Toneladas";"82542371";"Toneladas";"1107781";"Toneladas";"562896";"Toneladas";"19284105";"Toneladas";"118604";"Toneladas";"10327";"Toneladas";"5201123";"Toneladas";"3095859";"Toneladas";"8459161";"Toneladas";"459229";"Toneladas";"880822";"Toneladas";"1682591";"Toneladas";"82542371";"Toneladas";"1112468";"Toneladas";"565415";"Toneladas";"19293048";"Toneladas";"118604";"Toneladas";"10327";"Toneladas";"5201123";"Toneladas";"3095859";"Toneladas";"8459161";"Toneladas";"459229";"Toneladas";"846837";"Toneladas";"1714053";"Toneladas";"82542371";"Toneladas";"1126854";"Toneladas";"572565";"Toneladas"
"Espírito Santo";"71925";"Toneladas";"-";"Toneladas";"365";"Toneladas";"41514";"Toneladas";"20368";"Toneladas";"-";"Toneladas";"-";"Toneladas";"406773";"Toneladas";"188342";"Toneladas";"3148758";"Toneladas";"24260";"Toneladas";"125184";"Toneladas";"71925";"Toneladas";"-";"Toneladas";"365";"Toneladas";"41514";"Toneladas";"20368";"Toneladas";"-";"Toneladas";"-";"Toneladas";"406773";"Toneladas";"188342";"Toneladas";"3148758";"Toneladas";"24260";"Toneladas";"125184";"Toneladas";"75491";"Toneladas";"-";"Toneladas";"343";"Toneladas";"44928";"Toneladas";"20210";"Toneladas";"-";"Toneladas";"-";"Toneladas";"406213";"Toneladas";"183327";"Toneladas";"3093292";"Toneladas";"24150";"Toneladas";"126402";"Toneladas";"75758";"Toneladas";"-";"Toneladas";"343";"Toneladas";"44928";"Toneladas";"20210";"Toneladas";"-";"Toneladas";"-";"Toneladas";"406213";"Toneladas";"183327";"Toneladas";"3093292";"Toneladas";"24150";"Toneladas";"126402";"Toneladas";"75758";"Toneladas";"-";"Toneladas";"343";"Toneladas";"44928";"Toneladas";"20210";"Toneladas";"-";"Toneladas";"-";"Toneladas";"406213";"Toneladas";"183327";"Toneladas";"3093292";"Toneladas";"24150";"Toneladas";"126402";"Toneladas";"76136";"Toneladas";"-";"Toneladas";"404";"Toneladas";"50153";"Toneladas";"15065";"Toneladas";"-";"Toneladas";"-";"Toneladas";"410521";"Toneladas";"170689";"Toneladas";"3093148";"Toneladas";"24118";"Toneladas";"126462";"Toneladas";"76136";"Toneladas";"-";"Toneladas";"404";"Toneladas";"50153";"Toneladas";"15065";"Toneladas";"-";"Toneladas";"-";"Toneladas";"410521";"Toneladas";"170689";"Toneladas";"3093148";"Toneladas";"24118";"Toneladas";"126462";"Toneladas";"76136";"Toneladas";"-";"Toneladas";"404";"Toneladas";"50153";"Toneladas";"15065";"Toneladas";"-";"Toneladas";"-";"Toneladas";"410521";"Toneladas";"170689";"Toneladas";"3093148";"Toneladas";"24118";"Toneladas";"126462";"Toneladas";"77875";"Toneladas";"-";"Toneladas";"404";"Toneladas";"49930";"Toneladas";"17100";"Toneladas";"-";"Toneladas";"-";"Toneladas";"410553";"Toneladas";"169399";"Toneladas";"3093148";"Toneladas";"24165";"Toneladas";"130092";"Toneladas";"77875";"Toneladas";"-";"Toneladas";"404";"Toneladas";"49930";"Toneladas";"17100";"Toneladas";"-";"Toneladas";"-";"Toneladas";"410553";"Toneladas";"169399";"Toneladas";"3093148";"Toneladas";"24165";"Toneladas";"130092";"Toneladas";"78310";"Toneladas";"-";"Toneladas";"404";"Toneladas";"50112";"Toneladas";"17300";"Toneladas";"-";"Toneladas";"-";"Toneladas";"411512";"Toneladas";"169399";"Toneladas";"3093183";"Toneladas";"24165";"Toneladas";"131208";"Toneladas";"78299";"Toneladas";"-";"Toneladas";"404";"Toneladas";"50112";"Toneladas";"17300";"Toneladas";"-";"Toneladas";"-";"Toneladas";"411504";"Toneladas";"170559";"Toneladas";"3094072";"Toneladas";"24245";"Toneladas";"130700";"Toneladas"
"Rio de Janeiro";"14066";"Toneladas";"-";"Toneladas";"806";"Toneladas";"7413";"Toneladas";"4634";"Toneladas";"-";"Toneladas";"-";"Toneladas";"66901";"Toneladas";"18954";"Toneladas";"2384240";"Toneladas";"65188";"Toneladas";"168693";"Toneladas";"14066";"Toneladas";"-";"Toneladas";"806";"Toneladas";"7413";"Toneladas";"4634";"Toneladas";"-";"Toneladas";"-";"Toneladas";"66901";"Toneladas";"18954";"Toneladas";"2384240";"Toneladas";"65188";"Toneladas";"168693";"Toneladas";"14066";"Toneladas";"-";"Toneladas";"806";"Toneladas";"7413";"Toneladas";"4634";"Toneladas";"-";"Toneladas";"-";"Toneladas";"66901";"Toneladas";"18954";"Toneladas";"2384240";"Toneladas";"65188";"Toneladas";"168693";"Toneladas";"15318";"Toneladas";"-";"Toneladas";"806";"Toneladas";"8433";"Toneladas";"4634";"Toneladas";"-";"Toneladas";"-";"Toneladas";"62772";"Toneladas";"18967";"Toneladas";"2381037";"Toneladas";"66812";"Toneladas";"156532";"Toneladas";"15318";"Toneladas";"-";"Toneladas";"806";"Toneladas";"8433";"Toneladas";"4634";"Toneladas";"-";"Toneladas";"-";"Toneladas";"62772";"Toneladas";"18967";"Toneladas";"2381037";"Toneladas";"66812";"Toneladas";"156532";"Toneladas";"15013";"Toneladas";"-";"Toneladas";"811";"Toneladas";"8262";"Toneladas";"4631";"Toneladas";"-";"Toneladas";"-";"Toneladas";"61824";"Toneladas";"18964";"Toneladas";"2380655";"Toneladas";"63980";"Toneladas";"154374";"Toneladas";"15003";"Toneladas";"-";"Toneladas";"811";"Toneladas";"8262";"Toneladas";"4631";"Toneladas";"-";"Toneladas";"-";"Toneladas";"61859";"Toneladas";"18964";"Toneladas";"2380633";"Toneladas";"64075";"Toneladas";"154430";"Toneladas";"15022";"Toneladas";"-";"Toneladas";"811";"Toneladas";"8279";"Toneladas";"4632";"Toneladas";"-";"Toneladas";"-";"Toneladas";"59542";"Toneladas";"20955";"Toneladas";"2376628";"Toneladas";"64076";"Toneladas";"154446";"Toneladas";"15021";"Toneladas";"-";"Toneladas";"811";"Toneladas";"8279";"Toneladas";"4631";"Toneladas";"-";"Toneladas";"-";"Toneladas";"59543";"Toneladas";"20209";"Toneladas";"2363388";"Toneladas";"63720";"Toneladas";"154507";"Toneladas";"14601";"Toneladas";"-";"Toneladas";"811";"Toneladas";"7876";"Toneladas";"4631";"Toneladas";"-";"Toneladas";"-";"Toneladas";"59517";"Toneladas";"20209";"Toneladas";"2363445";"Toneladas";"63760";"Toneladas";"154148";"Toneladas";"14601";"Toneladas";"-";"Toneladas";"811";"Toneladas";"7876";"Toneladas";"4631";"Toneladas";"-";"Toneladas";"-";"Toneladas";"59517";"Toneladas";"20209";"Toneladas";"2363445";"Toneladas";"63760";"Toneladas";"154148";"Toneladas";"13857";"Toneladas";"-";"Toneladas";"809";"Toneladas";"7688";"Toneladas";"4186";"Toneladas";"-";"Toneladas";"-";"Toneladas";"61180";"Toneladas";"20321";"Toneladas";"2370656";"Toneladas";"62936";"Toneladas";"190304";"Toneladas"
"São Paulo";"10426720";"Toneladas";"34258";"Toneladas";"41700";"Toneladas";"2263352";"Toneladas";"1845983";"Toneladas";"4495700";"Toneladas";"438421";"Toneladas";"995711";"Toneladas";"293818";"Toneladas";"322812000";"Toneladas";"12891791";"Toneladas";"1380419";"Toneladas";"10426720";"Toneladas";"34258";"Toneladas";"41700";"Toneladas";"2263352";"Toneladas";"1845983";"Toneladas";"4495700";"Toneladas";"438421";"Toneladas";"995711";"Toneladas";"293818";"Toneladas";"322812000";"Toneladas";"12891791";"Toneladas";"1380419";"Toneladas";"10426720";"Toneladas";"34258";"Toneladas";"41700";"Toneladas";"2263352";"Toneladas";"1845983";"Toneladas";"4495700";"Toneladas";"438421";"Toneladas";"995711";"Toneladas";"293818";"Toneladas";"322812000";"Toneladas";"12891791";"Toneladas";"1380419";"Toneladas";"10923333";"Toneladas";"33661";"Toneladas";"48900";"Toneladas";"2132400";"Toneladas";"2296370";"Toneladas";"4670200";"Toneladas";"439806";"Toneladas";"1003533";"Toneladas";"284900";"Toneladas";"357000000";"Toneladas";"12762500";"Toneladas";"1380419";"Toneladas";"10923333";"Toneladas";"33661";"Toneladas";"48900";"Toneladas";"2132400";"Toneladas";"2296370";"Toneladas";"4670200";"Toneladas";"439806";"Toneladas";"1003533";"Toneladas";"284900";"Toneladas";"357000000";"Toneladas";"12762500";"Toneladas";"1380419";"Toneladas";"10923333";"Toneladas";"33661";"Toneladas";"48900";"Toneladas";"2132400";"Toneladas";"2296370";"Toneladas";"4670200";"Toneladas";"439806";"Toneladas";"1003533";"Toneladas";"284900";"Toneladas";"357000000";"Toneladas";"12762500";"Toneladas";"1380419";"Toneladas";"10923333";"Toneladas";"33661";"Toneladas";"48900";"Toneladas";"2132400";"Toneladas";"2296370";"Toneladas";"4670200";"Toneladas";"439806";"Toneladas";"1003533";"Toneladas";"284900";"Toneladas";"357000000";"Toneladas";"12762500";"Toneladas";"1380419";"Toneladas";"10923333";"Toneladas";"33661";"Toneladas";"48900";"Toneladas";"2132400";"Toneladas";"2296370";"Toneladas";"4670200";"Toneladas";"439806";"Toneladas";"1003533";"Toneladas";"284900";"Toneladas";"357000000";"Toneladas";"12762500";"Toneladas";"1380419";"Toneladas";"11016093";"Toneladas";"37546";"Toneladas";"50900";"Toneladas";"2029358";"Toneladas";"2468846";"Toneladas";"4680438";"Toneladas";"439806";"Toneladas";"992112";"Toneladas";"300794";"Toneladas";"378000000";"Toneladas";"11433511";"Toneladas";"1592208";"Toneladas";"11016093";"Toneladas";"37546";"Toneladas";"50900";"Toneladas";"2029358";"Toneladas";"2468846";"Toneladas";"4680438";"Toneladas";"439806";"Toneladas";"992112";"Toneladas";"300794";"Toneladas";"378000000";"Toneladas";"11433511";"Toneladas";"1592208";"Toneladas";"11016093";"Toneladas";"37546";"Toneladas";"50900";"Toneladas";"2029358";"Toneladas";"2468846";"Toneladas";"4680438";"Toneladas";"439806";"Toneladas";"992112";"Toneladas";"300794";"Toneladas";"378000000";"Toneladas";"11433511";"Toneladas";"1592208";"Toneladas";"11284564";"Toneladas";"39792";"Toneladas";"50900";"Toneladas";"2029358";"Toneladas";"2442582";"Toneladas";"4911400";"Toneladas";"409507";"Toneladas";"977190";"Toneladas";"300794";"Toneladas";"378000000";"Toneladas";"11433511";"Toneladas";"1592208";"Toneladas"
"Paraná";"44885925";"Toneladas";"-";"Toneladas";"156100";"Toneladas";"3692500";"Toneladas";"15372600";"Toneladas";"20859100";"Toneladas";"3377500";"Toneladas";"174218";"Toneladas";"42100";"Toneladas";"36227868";"Toneladas";"804533";"Toneladas";"3094200";"Toneladas";"45078998";"Toneladas";"-";"Toneladas";"156100";"Toneladas";"3696422";"Toneladas";"15384664";"Toneladas";"21036197";"Toneladas";"3377500";"Toneladas";"174218";"Toneladas";"42100";"Toneladas";"34280749";"Toneladas";"804533";"Toneladas";"3107056";"Toneladas";"46913442";"Toneladas";"-";"Toneladas";"157300";"Toneladas";"3758800";"Toneladas";"14693400";"Toneladas";"22322000";"Toneladas";"4498800";"Toneladas";"174218";"Toneladas";"41200";"Toneladas";"32898100";"Toneladas";"804533";"Toneladas";"3137000";"Toneladas";"46852242";"Toneladas";"-";"Toneladas";"157400";"Toneladas";"3793000";"Toneladas";"14421000";"Toneladas";"22517400";"Toneladas";"4484500";"Toneladas";"174218";"Toneladas";"41200";"Toneladas";"32680500";"Toneladas";"804533";"Toneladas";"3185800";"Toneladas";"46589542";"Toneladas";"-";"Toneladas";"160300";"Toneladas";"3827500";"Toneladas";"14127800";"Toneladas";"22479100";"Toneladas";"4548400";"Toneladas";"174218";"Toneladas";"41700";"Toneladas";"32300600";"Toneladas";"804533";"Toneladas";"3215500";"Toneladas";"46589542";"Toneladas";"-";"Toneladas";"160300";"Toneladas";"3827500";"Toneladas";"14127800";"Toneladas";"22479100";"Toneladas";"4548400";"Toneladas";"174218";"Toneladas";"41700";"Toneladas";"32300600";"Toneladas";"804533";"Toneladas";"3215500";"Toneladas";"46482600";"Toneladas";"-";"Toneladas";"160500";"Toneladas";"3817800";"Toneladas";"13971700";"Toneladas";"22544500";"Toneladas";"4577100";"Toneladas";"174218";"Toneladas";"41400";"Toneladas";"33737200";"Toneladas";"804533";"Toneladas";"3276000";"Toneladas";"46350200";"Toneladas";"-";"Toneladas";"162000";"Toneladas";"3786800";"Toneladas";"13981300";"Toneladas";"22544900";"Toneladas";"4493200";"Toneladas";"174218";"Toneladas";"41200";"Toneladas";"34307000";"Toneladas";"804533";"Toneladas";"3262800";"Toneladas";"46060100";"Toneladas";"-";"Toneladas";"156200";"Toneladas";"3784700";"Toneladas";"14072500";"Toneladas";"22505600";"Toneladas";"4155900";"Toneladas";"174218";"Toneladas";"42400";"Toneladas";"34653200";"Toneladas";"804533";"Toneladas";"3251900";"Toneladas";"45633200";"Toneladas";"-";"Toneladas";"156200";"Toneladas";"3783500";"Toneladas";"14019200";"Toneladas";"22485000";"Toneladas";"3855200";"Toneladas";"174218";"Toneladas";"43100";"Toneladas";"34645000";"Toneladas";"804533";"Toneladas";"3406200";"Toneladas";"45393300";"Toneladas";"-";"Toneladas";"155200";"Toneladas";"3783500";"Toneladas";"14013300";"Toneladas";"22511700";"Toneladas";"3652800";"Toneladas";"174218";"Toneladas";"43300";"Toneladas";"34779600";"Toneladas";"804533";"Toneladas";"3539500";"Toneladas";"45421600";"Toneladas";"-";"Toneladas";"156200";"Toneladas";"3782300";"Toneladas";"14176500";"Toneladas";"22455000";"Toneladas";"3600900";"Toneladas";"174218";"Toneladas";"43800";"Toneladas";"34672200";"Toneladas";"804533";"Toneladas";"3483300";"Toneladas"
"Santa Catarina";"6834740";"Toneladas";"-";"Toneladas";"1168139";"Toneladas";"2587200";"Toneladas";"-";"Toneladas";"2656607";"Toneladas";"282960";"Toneladas";"720498";"Toneladas";"-";"Toneladas";"187839";"Toneladas";"29086";"Toneladas";"342240";"Toneladas";"6834740";"Toneladas";"-";"Toneladas";"1168139";"Toneladas";"2587200";"Toneladas";"-";"Toneladas";"2656607";"Toneladas";"282960";"Toneladas";"720498";"Toneladas";"-";"Toneladas";"187839";"Toneladas";"29086";"Toneladas";"342240";"Toneladas";"6834740";"Toneladas";"-";"Toneladas";"1168139";"Toneladas";"2587200";"Toneladas";"-";"Toneladas";"2656607";"Toneladas";"282960";"Toneladas";"720498";"Toneladas";"-";"Toneladas";"187839";"Toneladas";"29086";"Toneladas";"342240";"Toneladas";"7192063";"Toneladas";"-";"Toneladas";"1173399";"Toneladas";"2604724";"Toneladas";"-";"Toneladas";"2877541";"Toneladas";"373837";"Toneladas";"720498";"Toneladas";"-";"Toneladas";"187839";"Toneladas";"29086";"Toneladas";"326485";"Toneladas";"7192063";"Toneladas";"-";"Toneladas";"1173399";"Toneladas";"2604724";"Toneladas";"-";"Toneladas";"2877541";"Toneladas";"373837";"Toneladas";"720498";"Toneladas";"-";"Toneladas";"187839";"Toneladas";"29086";"Toneladas";"326485";"Toneladas";"7192063";"Toneladas";"-";"Toneladas";"1173399";"Toneladas";"2604724";"Toneladas";"-";"Toneladas";"2877541";"Toneladas";"373837";"Toneladas";"720498";"Toneladas";"-";"Toneladas";"187839";"Toneladas";"29086";"Toneladas";"326485";"Toneladas";"7192063";"Toneladas";"-";"Toneladas";"1173399";"Toneladas";"2604724";"Toneladas";"-";"Toneladas";"2877541";"Toneladas";"373837";"Toneladas";"720498";"Toneladas";"-";"Toneladas";"187839";"Toneladas";"29086";"Toneladas";"326485";"Toneladas";"7359317";"Toneladas";"-";"Toneladas";"1215419";"Toneladas";"2532372";"Toneladas";"57171";"Toneladas";"2972269";"Toneladas";"420617";"Toneladas";"721233";"Toneladas";"-";"Toneladas";"197481";"Toneladas";"29777";"Toneladas";"295928";"Toneladas";"7363341";"Toneladas";"-";"Toneladas";"1215419";"Toneladas";"2532372";"Toneladas";"57171";"Toneladas";"2972269";"Toneladas";"420617";"Toneladas";"721233";"Toneladas";"-";"Toneladas";"197481";"Toneladas";"29777";"Toneladas";"295928";"Toneladas";"7363341";"Toneladas";"-";"Toneladas";"1215419";"Toneladas";"2532372";"Toneladas";"57171";"Toneladas";"2972269";"Toneladas";"420617";"Toneladas";"721233";"Toneladas";"-";"Toneladas";"197481";"Toneladas";"29777";"Toneladas";"295928";"Toneladas";"7293754";"Toneladas";"-";"Toneladas";"1215419";"Toneladas";"2532215";"Toneladas";"57171";"Toneladas";"2972269";"Toneladas";"361830";"Toneladas";"687406";"Toneladas";"-";"Toneladas";"203288";"Toneladas";"28466";"Toneladas";"303577";"Toneladas";"7296913";"Toneladas";"-";"Toneladas";"1215419";"Toneladas";"2532215";"Toneladas";"57171";"Toneladas";"2972269";"Toneladas";"362544";"Toneladas";"687406";"Toneladas";"-";"Toneladas";"203288";"Toneladas";"28466";"Toneladas";"303577";"Toneladas"
"Rio Grande do Sul";"39343997";"Toneladas";"-";"Toneladas";"7108592";"Toneladas";"5830607";"Toneladas";"-";"Toneladas";"21256537";"Toneladas";"4078019";"Toneladas";"138615";"Toneladas";"-";"Toneladas";"525651";"Toneladas";"342530";"Toneladas";"790499";"Toneladas";"35218100";"Toneladas";"-";"Toneladas";"6828316";"Toneladas";"5048848";"Toneladas";"-";"Toneladas";"18252592";"Toneladas";"4060499";"Toneladas";"142984";"Toneladas";"-";"Toneladas";"512281";"Toneladas";"356244";"Toneladas";"772861";"Toneladas";"30601285";"Toneladas";"-";"Toneladas";"6656454";"Toneladas";"4135355";"Toneladas";"-";"Toneladas";"14734259";"Toneladas";"4060499";"Toneladas";"142709";"Toneladas";"-";"Toneladas";"484697";"Toneladas";"340041";"Toneladas";"760387";"Toneladas";"30601285";"Toneladas";"-";"Toneladas";"6656454";"Toneladas";"4135355";"Toneladas";"-";"Toneladas";"14734259";"Toneladas";"4060499";"Toneladas";"142709";"Toneladas";"-";"Toneladas";"484697";"Toneladas";"340041";"Toneladas";"760387";"Toneladas";"29580119";"Toneladas";"-";"Toneladas";"6859735";"Toneladas";"3955369";"Toneladas";"-";"Toneladas";"12970362";"Toneladas";"4710903";"Toneladas";"142618";"Toneladas";"-";"Toneladas";"443418";"Toneladas";"318666";"Toneladas";"712044";"Toneladas";"29580119";"Toneladas";"-";"Toneladas";"6859735";"Toneladas";"3955369";"Toneladas";"-";"Toneladas";"12970362";"Toneladas";"4710903";"Toneladas";"142618";"Toneladas";"-";"Toneladas";"443418";"Toneladas";"318666";"Toneladas";"712044";"Toneladas";"29490105";"Toneladas";"-";"Toneladas";"6892329";"Toneladas";"3954830";"Toneladas";"-";"Toneladas";"12708118";"Toneladas";"4808435";"Toneladas";"142472";"Toneladas";"-";"Toneladas";"426083";"Toneladas";"320110";"Toneladas";"712966";"Toneladas";"29490105";"Toneladas";"-";"Toneladas";"6892329";"Toneladas";"3954830";"Toneladas";"-";"Toneladas";"12708118";"Toneladas";"4808435";"Toneladas";"142472";"Toneladas";"-";"Toneladas";"426083";"Toneladas";"320110";"Toneladas";"712966";"Toneladas";"29539131";"Toneladas";"-";"Toneladas";"6939953";"Toneladas";"3963759";"Toneladas";"-";"Toneladas";"12688796";"Toneladas";"4796057";"Toneladas";"142472";"Toneladas";"-";"Toneladas";"427387";"Toneladas";"321481";"Toneladas";"710026";"Toneladas";"28419254";"Toneladas";"-";"Toneladas";"7066687";"Toneladas";"3962100";"Toneladas";"-";"Toneladas";"12688793";"Toneladas";"3723130";"Toneladas";"142379";"Toneladas";"-";"Toneladas";"433527";"Toneladas";"326855";"Toneladas";"709095";"Toneladas";"28419254";"Toneladas";"-";"Toneladas";"7066687";"Toneladas";"3962100";"Toneladas";"-";"Toneladas";"12688793";"Toneladas";"3723130";"Toneladas";"142379";"Toneladas";"-";"Toneladas";"433527";"Toneladas";"326855";"Toneladas";"709095";"Toneladas";"27143505";"Toneladas";"-";"Toneladas";"7109123";"Toneladas";"3960378";"Toneladas";"-";"Toneladas";"12693487";"Toneladas";"2620493";"Toneladas";"142377";"Toneladas";"-";"Toneladas";"430837";"Toneladas";"316513";"Toneladas";"706801";"Toneladas"
"Mato Grosso do Sul";"24595552";"Toneladas";"117604";"Toneladas";"50426";"Toneladas";"170000";"Toneladas";"10868500";"Toneladas";"13117498";"Toneladas";"41226";"Toneladas";"11554";"Toneladas";"177";"Toneladas";"44763594";"Toneladas";"29934";"Toneladas";"1119998";"Toneladas";"24595552";"Toneladas";"117604";"Toneladas";"50426";"Toneladas";"170000";"Toneladas";"10868500";"Toneladas";"13117498";"Toneladas";"41226";"Toneladas";"11554";"Toneladas";"177";"Toneladas";"44763594";"Toneladas";"29934";"Toneladas";"1119998";"Toneladas";"24595552";"Toneladas";"117604";"Toneladas";"50426";"Toneladas";"170000";"Toneladas";"10868500";"Toneladas";"13117498";"Toneladas";"41226";"Toneladas";"11554";"Toneladas";"177";"Toneladas";"44763594";"Toneladas";"29934";"Toneladas";"1119998";"Toneladas";"24595552";"Toneladas";"117604";"Toneladas";"50426";"Toneladas";"170000";"Toneladas";"10868500";"Toneladas";"13117498";"Toneladas";"41226";"Toneladas";"11554";"Toneladas";"177";"Toneladas";"44763594";"Toneladas";"29934";"Toneladas";"1119998";"Toneladas";"26130956";"Toneladas";"142080";"Toneladas";"49925";"Toneladas";"198326";"Toneladas";"11440000";"Toneladas";"13902964";"Toneladas";"50566";"Toneladas";"12300";"Toneladas";"177";"Toneladas";"44763642";"Toneladas";"32665";"Toneladas";"1088432";"Toneladas";"27475577";"Toneladas";"136366";"Toneladas";"45484";"Toneladas";"182829";"Toneladas";"12877335";"Toneladas";"13777194";"Toneladas";"84434";"Toneladas";"17662";"Toneladas";"177";"Toneladas";"42911632";"Toneladas";"32873";"Toneladas";"1126854";"Toneladas";"27475577";"Toneladas";"136366";"Toneladas";"45484";"Toneladas";"182829";"Toneladas";"12877335";"Toneladas";"13777194";"Toneladas";"84434";"Toneladas";"17662";"Toneladas";"177";"Toneladas";"42911632";"Toneladas";"32873";"Toneladas";"1126854";"Toneladas";"27907137";"Toneladas";"135050";"Toneladas";"45044";"Toneladas";"184832";"Toneladas";"13097714";"Toneladas";"14000825";"Toneladas";"85725";"Toneladas";"17239";"Toneladas";"176";"Toneladas";"41766134";"Toneladas";"34219";"Toneladas";"1125064";"Toneladas";"27907137";"Toneladas";"135050";"Toneladas";"45044";"Toneladas";"184832";"Toneladas";"13097714";"Toneladas";"14000825";"Toneladas";"85725";"Toneladas";"17239";"Toneladas";"176";"Toneladas";"41766134";"Toneladas";"34219";"Toneladas";"1125064";"Toneladas";"28501198";"Toneladas";"148935";"Toneladas";"44771";"Toneladas";"184832";"Toneladas";"13266944";"Toneladas";"14305306";"Toneladas";"105258";"Toneladas";"16275";"Toneladas";"176";"Toneladas";"48260786";"Toneladas";"36168";"Toneladas";"1167361";"Toneladas";"28501198";"Toneladas";"148935";"Toneladas";"44771";"Toneladas";"184832";"Toneladas";"13266944";"Toneladas";"14305306";"Toneladas";"105258";"Toneladas";"16275";"Toneladas";"176";"Toneladas";"48260786";"Toneladas";"36168";"Toneladas";"1167361";"Toneladas";"28427463";"Toneladas";"145288";"Toneladas";"43529";"Toneladas";"178832";"Toneladas";"13289710";"Toneladas";"14193250";"Toneladas";"128777";"Toneladas";"16171";"Toneladas";"292";"Toneladas";"51789876";"Toneladas";"35068";"Toneladas";"1157134";"Toneladas"
"Mato Grosso";"88547452";"Toneladas";"4904326";"Toneladas";"342830";"Toneladas";"438353";"Toneladas";"44065019";"Toneladas";"40280548";"Toneladas";"-";"Toneladas";"76603";"Toneladas";"38";"Toneladas";"18064803";"Toneladas";"4613";"Toneladas";"268618";"Toneladas";"88547452";"Toneladas";"4904326";"Toneladas";"342830";"Toneladas";"438353";"Toneladas";"44065019";"Toneladas";"40280548";"Toneladas";"-";"Toneladas";"76603";"Toneladas";"38";"Toneladas";"18064803";"Toneladas";"4613";"Toneladas";"268618";"Toneladas";"92665642";"Toneladas";"5001190";"Toneladas";"336634";"Toneladas";"454487";"Toneladas";"43871069";"Toneladas";"44522044";"Toneladas";"-";"Toneladas";"75973";"Toneladas";"38";"Toneladas";"17887868";"Toneladas";"4613";"Toneladas";"267482";"Toneladas";"92665642";"Toneladas";"5001190";"Toneladas";"336634";"Toneladas";"454487";"Toneladas";"43871069";"Toneladas";"44522044";"Toneladas";"-";"Toneladas";"75973";"Toneladas";"38";"Toneladas";"17887868";"Toneladas";"4613";"Toneladas";"267482";"Toneladas";"95037919";"Toneladas";"4985394";"Toneladas";"335888";"Toneladas";"454478";"Toneladas";"46245962";"Toneladas";"44522051";"Toneladas";"-";"Toneladas";"75973";"Toneladas";"38";"Toneladas";"17887868";"Toneladas";"4613";"Toneladas";"267482";"Toneladas";"95037919";"Toneladas";"4985394";"Toneladas";"335888";"Toneladas";"454478";"Toneladas";"46245962";"Toneladas";"44522051";"Toneladas";"-";"Toneladas";"75973";"Toneladas";"38";"Toneladas";"17887868";"Toneladas";"4613";"Toneladas";"267482";"Toneladas";"95788933";"Toneladas";"5076987";"Toneladas";"335888";"Toneladas";"460311";"Toneladas";"46953403";"Toneladas";"44504290";"Toneladas";"-";"Toneladas";"75713";"Toneladas";"38";"Toneladas";"17888613";"Toneladas";"4631";"Toneladas";"266115";"Toneladas";"95788840";"Toneladas";"5076987";"Toneladas";"335888";"Toneladas";"460311";"Toneladas";"46953403";"Toneladas";"44504197";"Toneladas";"-";"Toneladas";"75974";"Toneladas";"38";"Toneladas";"17888613";"Toneladas";"4631";"Toneladas";"266115";"Toneladas";"99600210";"Toneladas";"5226424";"Toneladas";"335245";"Toneladas";"423648";"Toneladas";"50424201";"Toneladas";"44777794";"Toneladas";"-";"Toneladas";"77307";"Toneladas";"38";"Toneladas";"17565228";"Toneladas";"4337";"Toneladas";"266746";"Toneladas";"99600210";"Toneladas";"5226424";"Toneladas";"335245";"Toneladas";"423648";"Toneladas";"50424201";"Toneladas";"44777794";"Toneladas";"-";"Toneladas";"77307";"Toneladas";"38";"Toneladas";"17565228";"Toneladas";"4337";"Toneladas";"266746";"Toneladas";"99059923";"Toneladas";"5354566";"Toneladas";"328402";"Toneladas";"422898";"Toneladas";"50120596";"Toneladas";"44462908";"Toneladas";"-";"Toneladas";"77307";"Toneladas";"38";"Toneladas";"17565228";"Toneladas";"4337";"Toneladas";"266563";"Toneladas";"99059923";"Toneladas";"5354566";"Toneladas";"328402";"Toneladas";"422898";"Toneladas";"50120596";"Toneladas";"44462908";"Toneladas";"-";"Toneladas";"77307";"Toneladas";"38";"Toneladas";"17565228";"Toneladas";"4337";"Toneladas";"266563";"Toneladas"
"Goiás";"27913131";"Toneladas";"112587";"Toneladas";"95596";"Toneladas";"1386461";"Toneladas";"10643799";"Toneladas";"14080493";"Toneladas";"93437";"Toneladas";"201129";"Toneladas";"15647";"Toneladas";"74249381";"Toneladas";"152304";"Toneladas";"188391";"Toneladas";"27802816";"Toneladas";"112587";"Toneladas";"113160";"Toneladas";"1379139";"Toneladas";"10275799";"Toneladas";"14324710";"Toneladas";"89995";"Toneladas";"199444";"Toneladas";"15619";"Toneladas";"74246116";"Toneladas";"152304";"Toneladas";"189252";"Toneladas";"27802816";"Toneladas";"112587";"Toneladas";"113160";"Toneladas";"1379139";"Toneladas";"10275799";"Toneladas";"14324710";"Toneladas";"89995";"Toneladas";"199444";"Toneladas";"15619";"Toneladas";"74246116";"Toneladas";"152304";"Toneladas";"189252";"Toneladas";"29101150";"Toneladas";"113037";"Toneladas";"113142";"Toneladas";"1377455";"Toneladas";"10530321";"Toneladas";"15246604";"Toneladas";"100670";"Toneladas";"199444";"Toneladas";"15619";"Toneladas";"74177291";"Toneladas";"152304";"Toneladas";"189252";"Toneladas";"29460258";"Toneladas";"113037";"Toneladas";"113142";"Toneladas";"1377608";"Toneladas";"10649783";"Toneladas";"15430267";"Toneladas";"102945";"Toneladas";"197369";"Toneladas";"15619";"Toneladas";"74189891";"Toneladas";"152304";"Toneladas";"187225";"Toneladas";"29460258";"Toneladas";"113037";"Toneladas";"113142";"Toneladas";"1377608";"Toneladas";"10649783";"Toneladas";"15430267";"Toneladas";"102945";"Toneladas";"197369";"Toneladas";"15619";"Toneladas";"74189891";"Toneladas";"152304";"Toneladas";"187225";"Toneladas";"29460258";"Toneladas";"113037";"Toneladas";"113142";"Toneladas";"1377608";"Toneladas";"10649783";"Toneladas";"15430267";"Toneladas";"102945";"Toneladas";"197369";"Toneladas";"15619";"Toneladas";"74189891";"Toneladas";"152304";"Toneladas";"187225";"Toneladas";"31546140";"Toneladas";"100383";"Toneladas";"94374";"Toneladas";"1483282";"Toneladas";"12256078";"Toneladas";"15899205";"Toneladas";"115875";"Toneladas";"199228";"Toneladas";"15615";"Toneladas";"80508807";"Toneladas";"172135";"Toneladas";"184198";"Toneladas";"32713980";"Toneladas";"101133";"Toneladas";"94348";"Toneladas";"1480464";"Toneladas";"12651068";"Toneladas";"16543864";"Toneladas";"118426";"Toneladas";"201884";"Toneladas";"15615";"Toneladas";"80095741";"Toneladas";"172135";"Toneladas";"207673";"Toneladas";"32660470";"Toneladas";"100708";"Toneladas";"93830";"Toneladas";"1472160";"Toneladas";"12580511";"Toneladas";"16543864";"Toneladas";"118426";"Toneladas";"196745";"Toneladas";"15535";"Toneladas";"81435592";"Toneladas";"173078";"Toneladas";"188513";"Toneladas";"32858245";"Toneladas";"100843";"Toneladas";"94393";"Toneladas";"1475149";"Toneladas";"12570390";"Toneladas";"16724662";"Toneladas";"118426";"Toneladas";"196186";"Toneladas";"15570";"Toneladas";"81445372";"Toneladas";"172978";"Toneladas";"188513";"Toneladas";"32910559";"Toneladas";"125029";"Toneladas";"94115";"Toneladas";"1477449";"Toneladas";"12571390";"Toneladas";"16749192";"Toneladas";"126429";"Toneladas";"197778";"Toneladas";"15570";"Toneladas";"81423059";"Toneladas";"172978";"Toneladas";"188400";"Toneladas"
"Distrito Federal";"827146";"Toneladas";"-";"Toneladas";"-";"Toneladas";"100800";"Toneladas";"294399";"Toneladas";"331500";"Toneladas";"17970";"Toneladas";"3216";"Toneladas";"934";"Toneladas";"17392";"Toneladas";"1011";"Toneladas";"19683";"Toneladas";"827146";"Toneladas";"-";"Toneladas";"-";"Toneladas";"100800";"Toneladas";"294399";"Toneladas";"331500";"Toneladas";"17970";"Toneladas";"3216";"Toneladas";"934";"Toneladas";"17392";"Toneladas";"1011";"Toneladas";"19683";"Toneladas";"827146";"Toneladas";"-";"Toneladas";"-";"Toneladas";"100800";"Toneladas";"294399";"Toneladas";"331500";"Toneladas";"17970";"Toneladas";"3216";"Toneladas";"934";"Toneladas";"17392";"Toneladas";"1011";"Toneladas";"19683";"Toneladas";"827146";"Toneladas";"-";"Toneladas";"-";"Toneladas";"100800";"Toneladas";"294399";"Toneladas";"331500";"Toneladas";"17970";"Toneladas";"3216";"Toneladas";"934";"Toneladas";"17392";"Toneladas";"1011";"Toneladas";"19683";"Toneladas";"770896";"Toneladas";"-";"Toneladas";"-";"Toneladas";"120000";"Toneladas";"276399";"Toneladas";"255000";"Toneladas";"10920";"Toneladas";"3216";"Toneladas";"934";"Toneladas";"17392";"Toneladas";"1011";"Toneladas";"19683";"Toneladas";"770896";"Toneladas";"-";"Toneladas";"-";"Toneladas";"120000";"Toneladas";"276399";"Toneladas";"255000";"Toneladas";"10920";"Toneladas";"3216";"Toneladas";"934";"Toneladas";"17392";"Toneladas";"1011";"Toneladas";"19683";"Toneladas";"770896";"Toneladas";"-";"Toneladas";"-";"Toneladas";"120000";"Toneladas";"276399";"Toneladas";"255000";"Toneladas";"10920";"Toneladas";"3216";"Toneladas";"934";"Toneladas";"17392";"Toneladas";"1011";"Toneladas";"19683";"Toneladas";"770896";"Toneladas";"-";"Toneladas";"-";"Toneladas";"120000";"Toneladas";"276399";"Toneladas";"255000";"Toneladas";"10920";"Toneladas";"3216";"Toneladas";"934";"Toneladas";"17392";"Toneladas";"1011";"Toneladas";"19683";"Toneladas";"770896";"Toneladas";"-";"Toneladas";"-";"Toneladas";"120000";"Toneladas";"276399";"Toneladas";"255000";"Toneladas";"10920";"Toneladas";"3216";"Toneladas";"934";"Toneladas";"17392";"Toneladas";"1011";"Toneladas";"19683";"Toneladas";"770896";"Toneladas";"-";"Toneladas";"-";"Toneladas";"120000";"Toneladas";"276399";"Toneladas";"255000";"Toneladas";"10920";"Toneladas";"3216";"Toneladas";"934";"Toneladas";"17392";"Toneladas";"1011";"Toneladas";"19683";"Toneladas";"770896";"Toneladas";"-";"Toneladas";"-";"Toneladas";"120000";"Toneladas";"276399";"Toneladas";"255000";"Toneladas";"10920";"Toneladas";"3216";"Toneladas";"934";"Toneladas";"17392";"Toneladas";"1011";"Toneladas";"19683";"Toneladas";"670696";"Toneladas";"-";"Toneladas";"-";"Toneladas";"120000";"Toneladas";"192399";"Toneladas";"255000";"Toneladas";"10920";"Toneladas";"3216";"Toneladas";"934";"Toneladas";"17392";"Toneladas";"1011";"Toneladas";"19683";"Toneladas"
"Fonte: IBGE - Levantamento Sistemático da Produção Agrícola"

"Notas"
"1 - Para as Unidades da Federação que, por força do calendário agrícola, ainda não dispõem das estimativas iniciais, os dados correspondem a uma projeção obtida a partir das informações de anos anteriores;"
"2 - As produções de abacaxi e de coco-da-baía são expressas em mil frutos e os seus rendimentos médios em frutos/ha."
"3 - Utilizou-se a padronização de 61% para a conversão da produção do algodão em caroço para caroço de algodão, apenas para a totalização da produção dos cereais, leguminosas e oleaginosas."
"4 - Possíveis diferenças entre somas de parcelas e respectivos totais são provenientes do critério de arredondamento."
"5 - As informações mensais que compõem a série histórica estão disponível a partir de setembro de 2006."
"6 - A partir de janeiro de 2018 foram retirados da divulgação os seguintes produtos: abacaxi, alho, cebola, coco-da-baía, guaraná, maçã, malva, pimenta-do-reino, sisal/agave. Os mesmos continuam sendo acompanhados na pesquisa anual da Produção Agrícola Municipal."
""
"Legenda"
"Símbolo";"Significado"
"-";"Zero absoluto, não resultante de um cálculo ou arredondamento.
Ex: Em determinado município não existem pessoas de 14 anos de idade sem instrução."
"0";"Zero resultante de um cálculo ou arredondamento.
Ex: A inflação do feijão em determinada Região Metropolitana foi 0.
Determinado município produziu 400 kg de sementes de girassol e os dados da tabela são expressos em toneladas."
"X";"Valor inibido para não identificar o informante.
Ex: Determinado município só possui uma empresa produtora de cimento, logo o valor de sua produção deve ser inibido."
"..";"Valor não se aplica.
Ex: Não se pode obter o total da produção agrícola em determinado município quando os produtos agrícolas são contabilizados com unidades de medida distintas."
"...";"Valor não disponível.
Ex: A produção de feijão em determinado município não foi pesquisada ou determinado município não existia no ano da pesquisa."
"A a Z
(exceto X)";"Significa uma faixa de valores. Varia em função da tabela (se for o caso).
Ex: O nível de precisão da produção estimada de combustíveis está na faixa A (95 a 100%)"
